file,url,downloaded_at,bytes,sha256
govcdec_mopo_2001.html,https://www.ecb.europa.eu/press/govcdec/mopo/2001/html/index_include.en.html,2026-10-05T23:47:28+00:00,52364,e7032bd79f3c4e3828d828a93005e10a59cde42113ad670ccd4f76416f16245a
govcdec_mopo_2002.html,https://www.ecb.europa.eu/press/govcdec/mopo/2002/html/index_include.en.html,2026-10-05T23:47:28+00:00,26202,0e68ceab2112aa313000bc102cb196cd9a8c6a5d2caf26f1a8e2804e7ed5bf2e
govcdec_mopo_2003.html,https://www.ecb.europa.eu/press/govcdec/mopo/2003/html/index_include.en.html,2026-10-05T23:47:29+00:00,26176,52c6a02a6d2c3d4917db4792a9eb377620c549a42259f5bd9eccb5c3df68d4ba
govcdec_mopo_2004.html,https://www.ecb.europa.eu/press/govcdec/mopo/2004/html/index_include.en.html,2026-10-05T23:47:29+00:00,36592,b3feb07ccc85551ec0a6318531646ca1a1ced53ad181770a13a10a49c878f928
govcdec_mopo_2005.html,https://www.ecb.europa.eu/press/govcdec/mopo/2005/html/index_include.en.html,2026-10-05T23:47:30+00:00,41843,b5f69e462147f7641e31af349bcddd0f33873ae636ce52c89caccdafd7113b25
govcdec_mopo_2006.html,https://www.ecb.europa.eu/press/govcdec/mopo/2006/html/index_include.en.html,2026-10-05T23:47:31+00:00,41799,0a88e72c7bc65f5742c8d034b12e38c8069b782303ff5b6dca09d16f8976c9f2
govcdec_mopo_2007.html,https://www.ecb.europa.eu/press/govcdec/mopo/2007/html/index_include.en.html,2026-10-05T23:47:31+00:00,47920,dfbc455ef064cba9793a7cb93d3dc97c824a519c31aa065976497aaf3ff7d85c
govcdec_mopo_2008.html,https://www.ecb.europa.eu/press/govcdec/mopo/2008/html/index_include.en.html,2026-10-05T23:47:32+00:00,49160,635d545c2edc011e55f4ec8efd5ed134f7d15d0bbabf4de545ecd11ffddf75b5
govcdec_mopo_2009.html,https://www.ecb.europa.eu/press/govcdec/mopo/2009/html/index_include.en.html,2026-10-05T23:47:33+00:00,45377,8cb4d7c9b10f77c6de6eaed3b4ca9a22a42ccca00eca9a1f42b9b30921a9312e
govcdec_mopo_2010.html,https://www.ecb.europa.eu/press/govcdec/mopo/2010/html/index_include.en.html,2026-10-05T23:47:33+00:00,45378,d30bb468c3153dc5cac9eba363bf3f9744b6be12084a7156e46bfbe42858268a
govcdec_mopo_2011.html,https://www.ecb.europa.eu/press/govcdec/mopo/2011/html/index_include.en.html,2026-10-05T23:47:34+00:00,45377,bf4256fffa2fa560f9f9ac587b20052ae47c8d49f6c923e953d784f8bb4b4be4
govcdec_mopo_2012.html,https://www.ecb.europa.eu/press/govcdec/mopo/2012/html/index_include.en.html,2026-10-05T23:47:35+00:00,45377,1c7f75994a7d3fd05b26d515614f771d17da54abf4c88dfe49c49240e889f971
govcdec_mopo_2013.html,https://www.ecb.europa.eu/press/govcdec/mopo/2013/html/index_include.en.html,2026-10-05T23:47:35+00:00,46241,5e8b44f5b064e68bcf36dcc954e62341e2ba7f6a3151bbaf38ee16123fde5f40
govcdec_mopo_2014.html,https://www.ecb.europa.eu/press/govcdec/mopo/2014/html/index_include.en.html,2026-10-05T23:47:36+00:00,47152,c27b1556fe45d121e4aef4198825ce2b624a414fe5f63e3f2fcfc80a8431e972
govcdec_mopo_2015.html,https://www.ecb.europa.eu/press/govcdec/mopo/2015/html/index_include.en.html,2026-10-05T23:47:37+00:00,31407,8b85df03c471897c3dc148b7071ffd69fea3f14af8289739e9b38d9703c179ad
govcdec_mopo_2016.html,https://www.ecb.europa.eu/press/govcdec/mopo/2016/html/index_include.en.html,2026-10-05T23:47:37+00:00,31408,afcffc4cf99fe34d39e4bf360b1c6b57037272ad447074aa5762eab85b4d876c
govcdec_mopo_2017.html,https://www.ecb.europa.eu/press/govcdec/mopo/2017/html/index_include.en.html,2026-10-05T23:47:38+00:00,31984,374603e92a5a1788042068e7411e4dadc04ab43144a2c1b97288bb56f25985d0
govcdec_mopo_2018.html,https://www.ecb.europa.eu/press/govcdec/mopo/2018/html/index_include.en.html,2026-10-05T23:47:38+00:00,32178,2c0402165fb52f56c7cef88286f38281112a27c4579d844a9b4209aebc46249b
govcdec_mopo_2019.html,https://www.ecb.europa.eu/press/govcdec/mopo/2019/html/index_include.en.html,2026-10-05T23:47:39+00:00,34289,190dd0157544001816ad81f03ab31114eedf1259db9e7d6b63060842972734b2
govcdec_mopo_2020.html,https://www.ecb.europa.eu/press/govcdec/mopo/2020/html/index_include.en.html,2026-10-05T23:47:39+00:00,35680,dd6bf93f5f576c98b43f3fa3c4aa17ffd7715c3d7ac4d949492b341ca0744b6d
govcdec_mopo_2021.html,https://www.ecb.europa.eu/press/govcdec/mopo/2021/html/index_include.en.html,2026-10-05T23:47:40+00:00,34871,a30dd6312dcdab1983a4764c29627313ab1a1ab11b1bead538afc17614faaa5e
govcdec_mopo_2022.html,https://www.ecb.europa.eu/press/govcdec/mopo/2022/html/index_include.en.html,2026-10-05T23:47:41+00:00,44253,9b7a3064ad5a824bfff58f35089f37b8499c07b88a8acc464a8eb14b72a1e794
govcdec_mopo_2023.html,https://www.ecb.europa.eu/press/govcdec/mopo/2023/html/index_include.en.html,2026-10-05T23:47:41+00:00,60154,a7d5c3f7d479052c91ca1dc409c3dee90dfc8c8bb99b5cb0a7f606b243c47635
govcdec_mopo_2024.html,https://www.ecb.europa.eu/press/govcdec/mopo/2024/html/index_include.en.html,2026-10-05T23:47:42+00:00,87137,4c957ea8240d8ff04f32faa71a80d3078b7f2b6c1e4a3255616814a4b47d3e2d
govcdec_mopo_2025.html,https://www.ecb.europa.eu/press/govcdec/mopo/2025/html/index_include.en.html,2026-10-05T23:47:43+00:00,53467,d7a568db1045be795f4269039c8228670ce2bf88de276a40f715f49fc502f5ed
govcdec_mopo_2026.html,https://www.ecb.europa.eu/press/govcdec/mopo/2026/html/index_include.en.html,2026-10-05T23:47:43+00:00,31286,80911e8acec80c811d274431628402df63daa4c944a243deea0b7855e65f2631
