ECB series key,Vintages up to,Values,SHA-256
RTD.M.S0.N.X_KA1C_A1.E,2026-09-09,37135,d09090eb55ab05bd83a4e578f923f5e2636ee58b0ebb7be15c2a830f9917e287
RTD.M.S0.N.X_KA1D_A1.E,2026-09-09,37135,471ef655ef07bf20a4bd704a1b2241324acc0b37b58e5eb1bbe1c5ade66fb5c6
RTD.M.S0.N.X_XA1N_A1.E,2026-09-09,38519,b30f43e744801188b3d8ea690ae2efcdc702ca04fb4d36f87fbcbfda42b2bfd8
RTD.M.S0.N.X_XI1C_A1.E,2026-09-09,38519,e352a9a91a50c66d905c513dcbe4650d912540e7cfcf29f6081049df8a6ea132
RTD.M.S0.N.X_XI1D_A1.E,2026-09-09,38519,7a8e2c18789ae1035727819e176ad8113e7a873b9b7b9f972471409984e6c88c
RTD.M.S0.N.X_XA1C_A1.E,2026-09-09,38519,5eb62f5db7bd138562da3a928a131c45d7ffa0308a3d30e579b8ad265b512619
RTD.M.S0.N.X_XA1D_A1.E,2026-09-09,38519,4d21c13e69313ca90c42984e3731ee14ea664a49e776bd0e63412acdc3247074
RTD.M.S0.N.X_XS1C_A1.E,2026-09-09,38519,44911718095e7d2a4bd39e30e5a1422fe3fca8f3c45de0e5a205c36c24759996
RTD.M.S0.N.X_XS1D_A1.E,2026-09-09,38519,7e3856d909553cd72e3ae13e4c9f67ba8484ecf30d50026e54efcaebfae35cfe
RTD.M.S0.N.X_XT1C_A1.E,2026-09-09,38519,ef31ae13922299b1126fda561bfd7b718e976aaff0e6ce4e43ea1260217141e6
RTD.M.S0.N.X_XT1D_A1.E,2026-09-09,38519,bd623a0dec942f1999bfee2829b24f7718fafb9fab72176a40fc23c58d8e66ed
RTD.M.S0.N.X_XG1C_A1.E,2026-09-09,38519,27ee7711e528e73826fe53e7d2be3e0274e89d3fc4da2eca9fd869e21daf0223
RTD.M.S0.N.X_XG1D_A1.E,2026-09-09,38519,317b644b1ea047caf7611f07780bb2466a8996ea89ad63ea87951ac34c99417a
RTD.M.S0.N.P_OILBR.E,2026-09-09,85165,8bfda55c24faa58e8fd9230bbeadc773370425752741f5eb463cf80170715b59
RTD.M.S0.N.P_R_XNRGY.E,2026-09-09,43468,777394f1b164367f2c513ce43b1452e083bedbfcf6d8a0e442e132cb303f786e
RTD.M.S0.N.P_R_TO.E,2026-09-09,43468,cac5ffd23f98d0ed6d082eaac51147781b0c8a22978a87523100b8539955ddea
RTD.Q.S0.N.P_CO_RESB.X,2026-09-09,20772,274adcb407d15003f22fab422c3357da08cff257ebaf80f35a9f33914a0d292d
RTD.M.JP.N.P_C_OV.X,2026-09-09,132863,f0dcb4216fd78ce25f8bf63e3474a17b9b4d6e64d0bc94600bdfb282cae4c4db
RTD.M.US.N.P_C_OV.X,2026-09-09,145959,fddd17c088b5dedeee43b6ec00adc361fde642ac13fe1bae2259a0e36129f96d
RTD.M.S0.N.P_C_OV.A,2026-09-09,62079,9764705b4e983b9e596662e2296a1c9490bd479186c836ae0468e13f112a2b00
RTD.M.S0.N.P_C_OV.X,2026-09-09,65083,7a09189abbc5530fe02d438cd846182449a864c8eaca999f12820c5556c2e900
RTD.M.S0.N.P_C_COMM.X,2026-09-09,53756,ab1d7566ec5eec0fe8fde3b4321fce23338e6d534d2e0923e6e6706698497c83
RTD.M.S0.N.P_C_NRGY.X,2026-09-09,65083,8cd96865a312c68f4a345e87ed60999d0ba6a4de16f801866cd86ff0bd86d415
RTD.M.S0.N.P_C_XEFUN.X,2026-09-09,63550,9d51c3102ee1bb35d0048816d7dabec95135f778d37558a93771dfdf28f4b2d2
RTD.M.S0.N.P_C_FOOD.X,2026-09-09,64939,2537e5f6c0998859a530a8ebaae7d98098224c37f27297dbebe07bb718859303
RTD.M.S0.N.P_C_GOOD.X,2026-09-09,64280,3a8e3a16745fd55005aa0eaf41ce43c237077ffbf90a44d85da708916896b8d9
RTD.M.S0.N.P_C_HOUS.X,2026-09-09,53755,8b3764d71b4b10148b5c353e6b6a44540a481d29549f2221976971b0ceab1abd
RTD.M.S0.N.P_C_MISC.X,2026-09-09,53755,cb496a326ea61d6fd6a5d398d0cba94e85f418f2f5b353920165276dacb172d7
RTD.M.S0.N.P_C_IGXE.X,2026-09-09,65083,c5a52fdd84d7ddd17a585575ffff490a99d779247642e73f01741d487bb49d1c
RTD.M.S0.N.P_C_FOODPR.X,2026-09-09,65059,11b7d4496725ed5ab107a7660c42d90082fcc864daeff12a1f8a77a84461ff74
RTD.M.S0.N.P_C_RECR.X,2026-09-09,53755,0aa3f16e8d81fa198460334e3d32277ba515df206ceb0ebbeb3d66cd37072f2d
RTD.M.S0.N.P_C_SERV.X,2026-09-09,65083,79c9cf3a08d46a2e910dc78846c9a578b6746bbf1fb09d7b9b9b3295f3fe6391
RTD.M.S0.N.P_C_TRAN.X,2026-09-09,53755,35fda78c5466f843b83d1e5009646b52f4a32605e9466c62244e1e58e0706a64
RTD.M.S0.N.P_C_FOODUN.X,2026-09-09,65059,e3f0144060f0aabfa7ef2cc8986d2115ffdd7f8f6852349fe66fe5e44c999b6e
RTD.Q.S0.N.L_EMP_TO.M,2026-09-09,20874,922712c29cb484e02d3aaf220f736a7629774aa91959998fecb37962b3e8df2d
RTD.Q.S0.N.L_TEMP_AHFF.M,2026-09-09,19335,e65fd2bbdc72e058edcafb8a73f38f831a8e1900580ad1413609ae1f6906d4c2
RTD.Q.S0.N.L_TEMP_ARTOSER.M,2026-09-09,11136,da09fb88717f5155d5d2864427cb53658e827646fab6e9ce052f1a482f2f2384
RTD.Q.S0.N.L_TEMP_CONST.M,2026-09-09,19335,58c062cb23c404b4a9350581d37e9958415342f56547502c2ce418d365b3d9de
RTD.Q.S0.N.L_TEMP_FININS.M,2026-09-09,11136,850b4d3de258eb283f344cb08f98c870c740c2b65319f92c4f65b5e74d93fff3
RTD.Q.S0.N.L_TEMP_INDTO.M,2026-09-09,19335,45ceda02dbc52130f359a301b90134d76d1dd3a939253f2c0e47b03cfacb34fb
RTD.Q.S0.N.L_TEMP_INFCOM.M,2026-09-09,11136,08d9fa103165ada6406153d9a70c89ccc992d02a229a23774d1cfa0e00b779c8
RTD.Q.S0.N.L_TEMP_SCADM.M,2026-09-09,11136,481490287a448cf549479a0f3df88a13a44e181c4c514d4e31b1db1058a0ab3b
RTD.Q.S0.N.L_TEMP_DEFEDU.M,2026-09-09,11136,0e726ae5a3207ab988a07d7fa6e0938c91bdca2334a8b259818c4f2fb1a568ac
RTD.Q.S0.N.L_TEMP_REST.M,2026-09-09,11136,d5ce26df06a2694ec4d0a3c9b571b731bfdd3eae02cabfe6b90126d456377b6f
RTD.Q.S0.N.L_TEMP_TO.M,2026-09-09,20876,a81a27e26341ecc747a77af09c1ad4a0ba3d500b9c0c229a655f76783aa46f2d
RTD.Q.S0.S.L_TEMP_TO.M,2026-09-09,24296,7cfd40e1e7b0cc8c8f1cc0ad88bb74d6adf2b42eb800585d1606934cd9e64c3b
RTD.Q.S0.N.L_TEMP_WSHRTC.M,2026-09-09,17335,040f05ab25ec6154b29d2c4e4aea9257242613415fb83765e902a4d54ec676e2
RTD.Q.S0.N.L_SEMP_TO.M,2026-09-09,20816,90289d3ad58ea78627f64c3e7fcf3e51413077bd98c9f572f9bcb545619f14ee
RTD.M.S0.N.E_EN00_BGR.X,2026-09-09,60419,083c35f0a179fb72327db34c96f8b0a6dc4a8d969100c1b6d97f1fc87feaa472
RTD.M.S0.N.E_EN00_NGR.X,2026-09-09,63037,cf24d535e5f0e74335d296b993208f27954e091f1a328706348673a08017c9ff
RTD.M.S0.N.E_ERC0_BGR.X,2026-09-09,60827,0ce2fb95751eb7638bfece620309d4aae37d630688cdec041334acb3aeff97e9
RTD.M.S0.N.E_ERC0_NGR.X,2026-09-09,62861,68e63b810879dde29abe18210f5913273915899b2d87b73140e70a19eba5a5b0
RTD.M.S0.N.E_ERP0_NGR.X,2026-09-09,56744,97a974559daf20241ed1c25abc9c222d750ec508c5e2980cc4cdfb774ad66639
RTD.Q.S0.N.E_ERU1_NGR.X,2026-09-09,16734,5ad8cc58e1a0444dac3fc6e1eb7fa4182d8daa69abe9dced4234a68ad1403e65
RTD.Q.S0.S.G_GDPM_TO_D.X,2026-09-09,18976,f5e1fdfa845fccab29725d4db0fcbe99160f62bd28be9468a42835786b0047d2
RTD.Q.S0.S.G_GDPM_TO_U.E,2026-09-09,18975,8c957abe4a450d628e309614c18965bb8f6456ae0927143d540adb430d6994a4
RTD.Q.S0.S.G_GDPM_TO_C.E,2026-09-09,19252,b3b65b087dc2e14f68b94fc2c7f3d71033e6b9a8e385dd2c659238829becea34
RTD.Q.JP.Y.G_GDPM_TO_C.X,2026-09-09,23581,3bb0135cf4d1475c9ab2c550585750de2cc0b099a5c56b0adb0a9e262e07f00b
RTD.Q.US.Y.G_GDPM_TO_C.U,2026-09-09,58529,7c2329578501c16235b25505158006998833eef412d78127e38539a3c6f44754
RTD.Q.S0.S.G_CIAXDV_TO_U.E,2026-09-09,18974,bc69cea355bc3960c124fecdb72e2206930213a14d1601e71b7b3248aa8d4b84
RTD.Q.S0.S.G_DDIS_TO_D.X,2026-09-09,18815,9743118bf2c1ec70cc614a9253eb1f5c7d14d7eec844b7eae9cea3e9bf615aec
RTD.Q.S0.S.G_XGS_TO_D.X,2026-09-09,18975,175bf124ebe129304e416b7c9ba7f3fc581ef62e23ad5cda461734f72afd17f9
RTD.Q.S0.S.G_XGS_TO_U.E,2026-09-09,18975,b956253785456b3e1ca15e342348eacda663094133f2a98989e8b8b28cbeb3d4
RTD.Q.S0.S.G_XGS_TO_C.E,2026-09-09,19229,06a2559353835e44b07c8e90fff081cde9417fbfa5cfd2e77bc322f382f57bb7
RTD.Q.S0.S.G_FCGG_TO_D.X,2026-09-09,18819,72540519c5be75ed1b53f96ec7f02d06872e510ebebfb674aa7797e76f17643c
RTD.Q.S0.S.G_FCGG_TO_U.E,2026-09-09,18975,d7d2971f6cac11be836e33e68a9b37b32b21b7a8f9fa7c02ba5741914a7e3e65
RTD.Q.S0.S.G_FCGG_TO_C.E,2026-09-09,19229,b456a71f6455a92997d77563b0409300b0bb586cb32115941bc136002879ea04
RTD.Q.S0.S.G_MGS_TO_D.X,2026-09-09,18975,2b846878c967dd7a9201f584586232ff287496a859f85d0036b365f106cedc6f
RTD.Q.S0.S.G_MGS_TO_U.E,2026-09-09,18975,d4dd7feb37ba645a224eec1cebf24e547d1eddccd23ce58ead796349ff8238d0
RTD.Q.S0.S.G_MGS_TO_C.E,2026-09-09,19229,08ad6d61113fd9f6deb470dc2a56f77e6a06b4b7dd857a5fb04ecdc71f262254
RTD.Q.S0.S.G_GFCF_TO_D.X,2026-09-09,18819,c2ca3cb99da759006ec68eddc5ad732c6527c10c13d36f4c973a2950c0561d80
RTD.Q.S0.S.G_GFCF_TO_U.E,2026-09-09,18975,22459a9003690c55820abe64c26aee86a83ebb518eae5cac6d727dccf89309de
RTD.Q.S0.S.G_GFCF_TO_C.E,2026-09-09,19229,e06aafd78f4b089c991ea1d30a895b0d54cf0afe3e7e9e3eec5adee1e4c71eb3
RTD.Q.S0.S.G_FCHI_TO_D.X,2026-09-09,18819,7f6f35ec2a575ea628bc9df776e75e894dbb5e1d1070033bd9fe42713d6978c4
RTD.Q.S0.S.G_FCHI_TO_U.E,2026-09-09,18975,52a24e093d94b6e06eaef18ba2703aeaebd45600fbf98811b9bb64ae93de8b17
RTD.Q.S0.S.G_FCHI_TO_C.E,2026-09-09,19229,94d21c0abe8e2d32c10b94b9976f3c612cb7215f81fa86287d7fc58d14002eb5
RTD.M.S0.S.T_XCAP_U.X,2026-09-09,44494,1b15d38276e023bf007c14b8aee3dbffd0aa77fbe2fec5b4d23301508201fa6e
RTD.M.S0.S.T_XCAP.E,2026-09-09,46622,768a98b0d8e449b4ee4927fd74040eac48e411418faa5e5e7d33e356d496e2cb
RTD.M.S0.S.T_XCAP_V.X,2026-09-09,42914,cb1b59cd39e4e683b4ba35fa8cefea3485c43e566d545d736ffd187c909c35c5
RTD.M.S0.S.T_XCOM_U.X,2026-09-09,44496,410c843caa0045d42987428e0309f037987c738d378422aad20a6e04bce55755
RTD.M.S0.S.T_XCOM.E,2026-09-09,46622,dfa33e37815fd30c98737ae234447104b9433f060bdddd027389c7d7077d65b3
RTD.M.S0.S.T_XCOM_V.X,2026-09-09,42912,aff6ff9c6a93eb0c81d22e791a7b556de9c449679a08f12f0cbbfc80dc4e9846
RTD.M.S0.S.T_XINT_U.X,2026-09-09,44499,3e7f86f09db4d57a4d2eb31ecd78042e444179712c0c77124c7c8656f00c725b
RTD.M.S0.S.T_XINT.E,2026-09-09,46622,af14d52a094e9167143d80f37e27fa1fd4be0679a9c7a96502fe1c2aab9e10ad
RTD.M.S0.S.T_XINT_V.X,2026-09-09,42915,1bf2fc68ec661889e9120192937fdd0c32f589d69e5621f6722f43a8773038cb
RTD.M.S0.S.T_XMAN_U.X,2026-09-09,44500,22e346e1aca40890d33136bc31e28d2a7ab5bee0ae55f177e7b985a95942f265
RTD.M.S0.S.T_XMAN.E,2026-09-09,51829,946ab0b389a4d5ab9aa75724d636519ed91134fb0d28569b395fff6fd07aa5f2
RTD.M.S0.S.T_XMAN_V.X,2026-09-09,44932,986dde42795bd2db74d41b69c80fba279a2f3186ed42be7849d4bf4cbdb1eafa
RTD.M.S0.N.T_XTTT_U.X,2026-09-09,46786,82e2afaca573a950e96a58f971d8a0c247c4074f06d49a1dd14a5f492dc75fda
RTD.M.S0.S.T_XTTT_U.X,2026-09-09,44503,cf9ec4f15661f32c3bef773cabefede03bc76460d192ce0bb42dafe27139b95f
RTD.M.S0.N.T_XTTT.X,2026-09-09,53288,7ac67407e05b3fb00c276887f16b09be23a2ce25617b8ac566f4010da3ffdb3f
RTD.M.S0.S.T_XTTT.E,2026-09-09,54741,a773a19eaac64fba6c43456ae9af556cd4af2084b45dd4b8e5ac97ea71eddc41
RTD.M.S0.N.T_XTTT_V.X,2026-09-09,46817,3e21ee0c85c1e1281370b77adf08d423fd4fcc6374817d62eb2f05f4f5f2781e
RTD.M.S0.S.T_XTTT_V.X,2026-09-09,44938,00e10d0d2d57639227b5a4cab96914044277b9015b1792369c4ec66ff7a6a3cd
RTD.M.S0.S.T_MCAP_U.X,2026-09-09,44495,97acee28bdf3403cc4dc02811e7db13433ab9ff9c0f80345ce228324f87e8857
RTD.M.S0.S.T_MCAP.E,2026-09-09,46622,0cf131e25f0cc2de0d4f640f6631824509c0ad4019596580dabaf217b2559e3e
RTD.M.S0.S.T_MCAP_V.X,2026-09-09,42915,4b59b2b286f653ade78ed65e93bbb25f933925502b66340b3e9935680ca28b1c
RTD.M.S0.S.T_MCOM_U.X,2026-09-09,44500,81807966267b0908f11042779dbbbf24c3a4580a3b405b447817089ff6a173c2
RTD.M.S0.S.T_MCOM.E,2026-09-09,46622,fae8d37efef16f9b633f39f9ba404fd7140c3958bcac8c3d5c7e2118c813e86b
RTD.M.S0.S.T_MCOM_V.X,2026-09-09,42916,5313b3cfe073930ed09f12e66fdca2dc4913805d7357145eed823613734fa95e
RTD.M.S0.S.T_MINT_U.X,2026-09-09,44495,5a407fa2c2bb190c0366fac64575682c9eb559e52e27e43e237b5cdd16297e39
RTD.M.S0.S.T_MINT.E,2026-09-09,46622,d2f9da8f3b32e2eea5cf31f512f05f99d4312db826a460167170c63eb5629ee8
RTD.M.S0.S.T_MINT_V.X,2026-09-09,42915,e5044224f874620177879326d5d31ab2c3214878b88c93c5a0b66058923ac75a
RTD.M.S0.S.T_MMAN_U.X,2026-09-09,44496,748e21ab16462f95b38b0099112f5f62f2b7219fa866564d8283b1771ad22d10
RTD.M.S0.S.T_MMAN.E,2026-09-09,51829,d99fece36b0f4544a85631d6e9a91357acb6787769fb5c876e5cdacb6899f4e6
RTD.M.S0.S.T_MMAN_V.X,2026-09-09,44931,3c959a8091f71dd62a292d1ed028210ced99482318eecd7101ef91c5c4a53093
RTD.M.S0.S.T_MOIL_U.X,2026-09-09,45175,fab43c351eac5eb2300439f0013023e20738744af97b57370f47c02dcf5c2f1f
RTD.M.S0.S.T_MOIL.E,2026-09-09,46503,f90ecba3bb5819d03d7dcb5a3f6826cfa3a0983d48697acdfe8b1641bc8b5d28
RTD.M.S0.S.T_MOIL_V.X,2026-09-09,42888,aa3debab0210e97b0e2fc95565a34fc8c47d4b7aa308bd52eda7c7c88ad01a79
RTD.M.S0.N.T_MTTT_U.X,2026-09-09,46789,33417e5bf9166da81806572533f1a98246d3bd12ea3010e614fb720728c1cf91
RTD.M.S0.S.T_MTTT_U.X,2026-09-09,44506,be8208f79e2fe91564366e339d1516f4fe0562ad312589c60a5ac1b996782014
RTD.M.S0.N.T_MTTT.X,2026-09-09,53288,12efc7127964044a5d4cfa3af46d5a48ab0e8e8d6cf55938b44dbdad97ace7a4
RTD.M.S0.S.T_MTTT.E,2026-09-09,54741,dec52d4f2127cbe6e2983b61b8f6e8149d24bcf98831aa089ef5e14db330d19b
RTD.M.S0.N.T_MTTT_V.X,2026-09-09,46820,6850ca7eec6d0bcec5bc697771f8f08dfb5decb6abc1dd847dff49dce0ea593e
RTD.M.S0.S.T_MTTT_V.X,2026-09-09,44941,560aecddcb2278e45293cc6c9763d0f971ce6709270d0af2c94e93ca93bc1d50
RTD.A.S0.N.F_UMD_CCG_D0.F,2026-09-09,4665,fff217abe60d0d61e9064db9c789f55a542d479f1dbdf75c57b08a4c341c6514
RTD.A.S0.N.F_UMD_CGG_D0.F,2026-09-09,4665,88993d63cc109f2b1a82d5664c56b4d5ef353147d1fdd7a431e8068a087594af
RTD.A.S0.N.F_UMS_CGG_D0.F,2026-09-09,4665,c083f3053fe20eff6a03ce12e08849b01f9f0be50d4a460e996b24b0c1636da2
RTD.A.S0.N.F_CEC_CGG_D0.F,2026-09-09,4454,f4cb1ab4bbe94d76b9644f50cc9f9864fa6e25fbdd19da0d868db17b7c3c7040
RTD.A.S0.N.F_COE_CGG_D0.F,2026-09-09,4649,bae47c5c88f15e29ec18c28d3d14ee56d00530b1c09aa4044b1a5a0e9e6ff0c1
RTD.A.S0.N.F_CFC_CGG_D0.F,2026-09-09,4662,d0d5dd3b67bcd5913918a182a77c6c2ae0cb08f9aae2441f33bd8815f12822e3
RTD.A.S0.N.F_CEF_CGG_D0.F,2026-09-09,4646,bb05746db9fec86ae83152ccb0981082aabebdab9388db3310c1dacf7f19cb0a
RTD.A.S0.N.F_CEI_CGG_D0.F,2026-09-09,4454,0a93b7586d4a36e93eab141ae05baec18cb68ca6596af186e353a7c62a32d87e
RTD.A.S0.N.F_INC_CGG_D0.F,2026-09-09,4665,45dd0cca94533f0fb5b94414a5653b307780f9ccf0d9044273e1d0031caa4c2a
RTD.A.S0.N.F_SAL_C0_DGG.F,2026-09-09,4646,42fa01de7eaa4600a5eed7ec6bd9333ed548fc98569eb0e32423984a0e6ddb26
RTD.A.S0.N.F_STM_CGG_DH.F,2026-09-09,4466,f760337691d111d68b5add72515c1d1c07e8d8f015453248dc0734766ac9a258
RTD.A.S0.N.F_DEF_CLG_D0.F,2026-09-09,4665,02c9e3b1c4b30558f25e439d26c5e7e848502bddddfebeea1f4d52984f1deb7d
RTD.A.S0.N.F_DEF_CSF_D0.F,2026-09-09,4665,a11bdc90b8ca38f849b7bb7fc4347fff6b06e2e15f049b9e2112ad8cb542f711
RTD.A.S0.N.F_DEF_CSG_D0.F,2026-09-09,4665,c31c19b4db62e04ccf1a9610d6ac5ad17c4efb8ba837b476338219d27e8bcdf0
RTD.Q.S0.S.G_GVAD_AHFF_U.E,2026-09-09,18073,f3b507b478ae76526a23662c315f63d5ca2de7b8833d6551033f0bbc84065380
RTD.Q.S0.S.G_GVAD_AHFF_O.E,2026-09-09,18088,1bfd3cb009b9166ce65e7c945ec37a4cbe0a7e7f63b489d99d6847f61393d209
RTD.Q.S0.S.G_GVAD_ARTOSER_U.E,2026-09-09,11218,93612e0c5c169d1c55ca984bdfd7707fb63947477d0b58da8fcf1476027b9f9f
RTD.Q.S0.S.G_GVAD_ARTOSER_O.E,2026-09-09,11218,811cc09c3d7982e2e30aa7dbd96f6971d2fe987bbe176d46f51f5a9c9ccf2721
RTD.Q.S0.S.G_GVAD_CONST_U.E,2026-09-09,18073,e51852d8aba4a0d291aea194095334418c6fc9ad50a8a5d4fad2a10c7eae2462
RTD.Q.S0.S.G_GVAD_CONST_O.E,2026-09-09,18088,4b0b8c1e169c7a84a6c51bfc2182ff1486dba9a96d0a4999beaf6d618b61abf4
RTD.Q.S0.S.G_GVAD_FININS_U.E,2026-09-09,11218,6fae3b09af21eee8db34deef99f40b610fc6683259b005f8874c5c6056d63406
RTD.Q.S0.S.G_GVAD_FININS_O.E,2026-09-09,11218,be0fc11bf406ea6afab84a2fa059d00ba0a0741074bf06416eb73a6e36f9d0bd
RTD.Q.S0.S.G_GVAD_INDTO_U.E,2026-09-09,18073,ec7910611bbeaa266491a14343cd32ee6f60a59e3299e7a6d4acf99c66e49712
RTD.Q.S0.S.G_GVAD_INDTO_O.E,2026-09-09,18088,0a680b85b0b2fb5d0fec9fedf0dd730af0116dc8bef545db22895e7c946565f2
RTD.Q.S0.S.G_GVAD_INFCOM_U.E,2026-09-09,11218,0dd96a0f5c74348ec6688d973a60d6f8ca1686523a2383ac841faf1b7655bab6
RTD.Q.S0.S.G_GVAD_INFCOM_O.E,2026-09-09,11218,ea5990ad91626f48367e85483d0b384cf37c48ab717464213a9fe3ea7501f46e
RTD.Q.S0.S.G_GVAD_SCADM_U.E,2026-09-09,11218,fba26f797002587646f13b558d7a8edd3e74dfae6380308c15bd8e9e988e614f
RTD.Q.S0.S.G_GVAD_SCADM_O.E,2026-09-09,11218,672607959da73637388263de0e72840dec1eee37778d6b6ab744438da02a7f44
RTD.Q.S0.S.G_GVAD_DEFEDU_U.E,2026-09-09,11218,012de1f592e4b353a741b6a2f0a82851fe48327d094c6067e622e4eae26e8022
RTD.Q.S0.S.G_GVAD_DEFEDU_O.E,2026-09-09,11218,1083b06c1def8a247f7f05635b9b197dcf4c5a2b714c663e07fc117543b9191d
RTD.Q.S0.S.G_GVAD_REST_U.E,2026-09-09,11218,6f89c6db4dcc4af5fcc33b53f5e59b37257196cb7e8b3b37eba32a30306f8ee6
RTD.Q.S0.S.G_GVAD_REST_O.E,2026-09-09,11218,5c452e95d943760292d9b1c33dec8638b63c9661cd188f3a0c17dbc888541cc5
RTD.Q.S0.S.G_GVAD_TO_U.E,2026-09-09,18554,5cad3dc14efa400bbdf979fc83f276594d149f3c76750853fa9c73845840e2a9
RTD.Q.S0.S.G_GVAD_TO_O.E,2026-09-09,18569,33075076d49f7b693ef6dc46712bb4ef43af1cdf6a4876e156177b20f187d54a
RTD.Q.S0.S.G_GVAD_WSHRTC_U.E,2026-09-09,17957,7ee7af8e67cda5df045570f30e3dade4946a87095807926e723c28bb63ca8bde
RTD.Q.S0.S.G_GVAD_WSHRTC_O.E,2026-09-09,18088,5e25644299fdd333ef94bdc5c8be5cf279be3a9748f730417410a8dd61464ace
RTD.Q.S0.S.G_TLSP_TO_U.E,2026-09-09,18648,54c0160cf1899656a3d5d55423e250892904a2e40f03990a2171edf2307c44f8
RTD.Q.S0.S.G_TLSP_TO_O.E,2026-09-09,18589,90ec03ebd3b1e0cbc76fa036a8a99323f34723d216137fcf7b2520ae8cc976fb
RTD.M.S0.W.I_CAPGO.X,2026-09-09,69984,319e3e549b991c992e72882245a72f1b276bcb5b69b0ce09e3403a7adc0102a0
RTD.M.S0.W.I_CONST.X,2026-09-09,62553,d6bb772b97db61624bcb237e7621ce026af5e97860f85efa477c20d6e271e097
RTD.M.S0.W.I_CONGO.X,2026-09-09,72267,9914d94d7899c7bbb9a511aba1b51cd2e14c85499b88b1fef89d4ab5e0245620
RTD.M.S0.W.I_DCOGO.X,2026-09-09,66944,6684c3df7bdcf16b29de5024b835e5569852a7374c33fe917589c646e6ab792d
RTD.M.S0.W.I_ENERG.X,2026-09-09,66680,ffc60e6c71fe6c0e7a5b97ece3935425637f5f6c2c564b84a98f20b55edecd0a
RTD.M.S0.Y.I_XCONS.X,2026-09-09,73212,5b93f26772417d27c0e03982e874bd6bf7b9ebd40f858bd1035a635c3e89caff
RTD.M.S0.W.I_XCONS.X,2026-09-09,73284,97b0b1f2a261bfeeee3555e0799602e4cf17e72a8986d6b917de87c7d7942ca9
RTD.M.S0.W.I_XCOEN.X,2026-09-09,68739,c1ddd9ddc3d4efbcef3384127e542fcf110aa23a6fd0eb6a1c71055f088849f9
RTD.M.S0.W.I_INDTO.X,2026-09-09,65468,4e277b4e21518bb936108abc812e4717b89f4d529000af37bd43247b42e3c0e7
RTD.M.S0.W.I_INTGO.X,2026-09-09,69384,3bffe75a123b5f2fec67fa108fdcee9cbead0c1af985293cb48d49b1676634d0
RTD.M.S0.W.I_MANUF.X,2026-09-09,73284,4da969af1c97043b78113d95ac1522fcee54bc1346efe95b7fd0bc251eef1a30
RTD.M.JP.N.I_MANUF.X,2026-09-09,66302,42fec8a6b8a4e3943a645d78ba111d7b82cbc7588083111f3c8da4158ad309b5
RTD.M.US.Y.I_MANUF.X,2026-09-09,128027,5dc50c4b78cdb2ff41ed6136f5aac04baa47b5053302066b260a533ba1099774
RTD.M.S0.W.I_NCOGO.X,2026-09-09,69968,fd176c7fab1da588ecbaf4ec4cfca9150eff6cabf2e772b924ff818cc88fd7e0
RTD.M.S0.N.C_EONIA.E,2026-09-09,56996,940a4857174494c9242fd8e34790ec23d006e693a03d7df8916be08d8b32fb20
RTD.M.S0.N.C_EUR1M.E,2026-09-09,58008,3aa518bc0a3fd4b44efbde6da306527f45c200dda90fcfcd504e99f97f75af04
RTD.M.S0.N.C_EUR1Y.E,2026-09-09,57991,15f41a2efa7c32e130cf77ae15a86039e0bf6ecf7fe413b9db6c9ab8485e0e4b
RTD.M.S0.N.C_EUR3M.E,2026-09-09,58003,e60bc9fdce086e0560d7bce1649a6f294194299c6d981454410055c2672ff2a6
RTD.M.S0.N.C_EUR6M.E,2026-09-09,57988,300db4668018e0b68ce1eb58b6002fb5a642b6120e93783eb7ee27b132d7aedc
RTD.M.S0.N.C_U210Y.E,2026-09-09,29579,663576b1a441dd330119b0aa5f475d96b166d422b9ed4666d5bc24f182da81e7
RTD.M.S0.N.C_U202Y.E,2026-09-09,29578,320b73a68be2111ad1c2b81aeeffed4b8c1a2c6bd3c589fca4e8bba78534e726
RTD.M.S0.N.C_U203Y.E,2026-09-09,29578,425c351b7b818d34cf899dbb4370adfabf324f7d58a120a5f0d2d99e4ec2be64
RTD.M.S0.N.C_U205Y.E,2026-09-09,29579,f3ab57a1d126c9ebdea6b07128ce94fa7e4987a8d97cab767ec4d2fb4773b489
RTD.M.S0.N.C_U207Y.E,2026-09-09,29579,38753f84c96655298697db6b74c6c554173f883c519d12df3c0d10276cfd9958
RTD.M.S0.N.C_JPL3M.J,2026-09-09,66342,995c5a680cdae6652cba040fb227ad5559e083c153f4069dcae66cf9a1707c86
RTD.M.S0.N.C_USL3M.U,2026-09-09,66772,ef1e42b313b8a89c77181660fb0de613b7585849d79047efbcf15fbbf0d6cd95
RTD.Q.S0.W.L_H_CONST.X,2026-09-09,14428,649194bc7f6050560d89c93d634fdaf48fda472be5aa34ff5b4d77193fb3aaca
RTD.Q.S0.W.L_H_XCONS.X,2026-09-09,14176,c17d41b098e6b3f9906e01bcd59a0448cf01bfb2af0d73d36ff7d1c90d8b980f
RTD.Q.S0.W.L_HC_WXAFG.X,2026-09-09,10359,252d267861e168c1527a3244c6f6867c98a22b2c03744e78ceb9ef3221072027
RTD.Q.S0.W.L_H_SERV.X,2026-09-09,14413,a1829d536215e46ae10eb3e82b0e97f97c78d652c065354f4c5498ad9d092432
RTD.Q.S0.Y.L_H_WXAFG.X,2026-09-09,10401,c8e6c2f12b84d9476282c80480669be92cf536fddcf2f56644c5aec1a9e75955
RTD.Q.S0.W.L_H_WXAFG.X,2026-09-09,10377,bb35c66a4439fa18e3fe2114fde9228c1a6d35a9e1f2c6b37529677119a98e4f
RTD.Q.S0.W.L_HW_WXAFG.X,2026-09-09,10399,d8e295b74aadcbae871f3237ede0643a61231a6a7a4ca6fb97b3c19fab7274ec
RTD.M.S0.N.M_LOANSEC_U_NG.E,2026-09-09,44546,19a598ba4243eb375ddb04377198b9a25190adbaa814e05d917be1b2331a9d0f
RTD.M.S0.Y.M_LOANSEC_U_NG.E,2026-09-09,46220,14b2a0cead8ef1947d799cb28aa90b9517fbf966abce36d5ceebc31ac8f236f7
RTD.M.S0.N.M_LOAN_U_NG.E,2026-09-09,65144,d38fba4873a8f8a85506c0d87eb4af0400c4a436d9eba8fe91a7266f1a50f495
RTD.M.S0.Y.M_LOAN_U_NG.E,2026-09-09,92463,eb2a1b35297b2af62f99bfbbf42adc538e4c42b3c2a0a8198c39b812505d0417
RTD.M.S0.N.M_M3BM_C_WN.E,2026-09-09,39635,1c1a8a581718ae41bfe0b1fee6eef4ba261040864bc3b857f361574090f71f36
RTD.M.S0.N.M_M1_V_NC.E,2026-09-09,101622,f07e508373c9bc80ee13e089a210a258e26e28e176e58901ebd6e3e310d65ac1
RTD.M.S0.Y.M_M1_V_NC.E,2026-09-09,117992,4c1dd8a03d1306dc1c1ccd0c5ccda90df0ec47df859556174ec99bced0b67075
RTD.M.S0.N.M_M2_V_NC.E,2026-09-09,101622,633c0e127e67302e14306b900679642db70e54153164193266649c53e0c07787
RTD.M.S0.Y.M_M2_V_NC.E,2026-09-09,101552,3d477c9215185f76d51bed43258b62b32f8c19d9590837da2768a1a54c21f1c5
RTD.M.JP.Y.M_M2.J,2026-09-09,64684,92e269b6a25efab363c2dfdda6784dc7b61ea755fe9566f43171c522797f958f
RTD.M.US.Y.M_M2.U,2026-09-09,135195,af4d932eb0e54ab037b18603e3c025d9cba1502e9f16bafc55635241d8da8a25
RTD.M.S0.N.M_M3_V_NC.E,2026-09-09,107022,e9a71787cddaf6621fb8b423df3a80e0b880a9386002aca979c30ea9844e86cc
RTD.M.S0.Y.M_M3_V_NC.E,2026-09-09,121232,d00fa5106221a8668e3a94ed891625544d879f1bcb8b26ae1804ce12975e941c
RTD.M.S0.N.M_M3BM_V_NC.A,2026-09-09,118112,5d59050fab283533e139dc6d157b9d545a8bf3108b0a62399b3cee244de613c4
RTD.M.S0.Y.M_M3BM_V_NC.A,2026-09-09,102195,fb890d4fdb45fefeac1a01672505ff9f87ac75ab582e1bd629b517e1fe581c33
RTD.M.S0.Y.I_NCARS.Q,2026-09-09,66716,cb3f1922bfe1ae3df3a1739fce646aaf3ced625508e3992ed205f162e21810c6
RTD.M.S0.W.I_NCARS.Q,2026-09-09,69479,3b33d4c84fa77c0973e41622ff8cc0c296236792dfbba78ff1ea01e5a0afde06
RTD.M.S0.N.P_P_CAPGO_DS.X,2026-09-09,68454,0794af2c1cdf6b7881a72906dbc3ecf9a1132edc7cad46e6654f0a99cdd1def9
RTD.M.S0.N.P_P_CONGO_DS.X,2026-09-09,73149,830e0dec69fe5e20f62945acee9d60a0219b8d97417491d9cd6dec3935a4ed79
RTD.M.S0.N.P_P_DCOGO_DS.X,2026-09-09,38957,bdfbca11929d60e922fa54102d3a5dd90e558d311a306ca8f05e9665f1a795d4
RTD.M.S0.N.P_P_ENERG_DS.X,2026-09-09,69332,1e09ddc8b0a63a5ebb48668284f0fd9ea274a215db25fff94f09c57114d627d6
RTD.M.S0.N.P_P_XCONS_DS.X,2026-09-09,82711,8c699f3e89ac93fe1bc57e17e3c27cdb3576ecaae08e9a2e3a440f699a13b1d3
RTD.M.S0.N.P_P_XCOEN_DS.X,2026-09-09,59504,22f765c9f89f877a11370d44f800a2152c2dc25f28a0d991583e1950c3305179
RTD.M.S0.N.P_P_INTGO_DS.X,2026-09-09,62359,3c46608f92bd8093d520a795c94e8b082a908fa29d6ba34bfc5766969c5d2295
RTD.M.S0.N.P_P_MANUF_DS.X,2026-09-09,79807,daf954c2f4b88adc60784f0f82c2020053f91f0f1eebcb676096a11270544f4c
RTD.M.S0.N.P_P_NCOGO_DS.X,2026-09-09,48967,60763469e98beb1d2623ec9ef75a71820a56f49df71189ac111959803b1a812b
RTD.M.S0.Y.O_RTFOBETD.X,2026-09-09,50758,b6d757b81edd30dcd1db752814e73a905cc1b4caa14f3f20ce869c21b783bfaf
RTD.M.S0.Y.O_RTHOUSED.X,2026-09-09,49055,3d10310a08ba3def7fbc17f877cd2985049701a17e7915c5cc953be21bcfbdb8
RTD.M.S0.Y.O_RTNONFOD.X,2026-09-09,50696,10f5502089c07eb5393c804d08496171155e39245e3654ea225611af07c868ff
RTD.M.S0.Y.O_RTTEXCLD.X,2026-09-09,47104,8d24dd4e8673db0cad0eed0db43a777aaf547408f8a97b67754a88cb382bacfd
RTD.M.S0.Y.O_RTXMOTV.X,2026-09-09,47208,7789d085244badbf0f06adae8459601539efc50f9c217374eef8294507300278
RTD.M.S0.Y.O_RTXMOTVD.X,2026-09-09,47611,6aa50e00b2f0d2dc98edb152f52eb70f25bc8bff19e71ffe0321b27c4466c6b9
RTD.M.S0.N.C_DJESB.X,2026-09-09,65788,3d8328da20b748a8085ad8842213eaa06851803ff9f103b01864b27a8782ad22
RTD.M.S0.N.C_DJE50.X,2026-09-09,65783,8d5a59d5966c6acab09d322531feffe52d53e6f36f60a4e9ad584a1ad8c63a05
RTD.M.S0.N.C_DJEBM.X,2026-09-09,65750,56eba2668e07459040a77d71a716edf8b858679ab0a744e41964e6dee52e3a9f
RTD.M.S0.N.C_DJECG.X,2026-09-09,49813,90bb387e6fe77d70844acfac5dba926b72a9bab1a6acbf6b3a247386922c14c7
RTD.M.S0.N.C_DJEEN.X,2026-09-09,52641,080f1eaad077c974d60e6c5df7c8b6e670249e28339d1cad053df2478acd8ec1
RTD.M.S0.N.C_DJEFI.X,2026-09-09,65791,25c5d77af89b165769e117615d841143a146937d6a56c8f040fa5412d3c73fd8
RTD.M.S0.N.C_DJEHC.X,2026-09-09,65773,facc9307240accf3458403c04692d327fc12ec3a8e33a6bac010130e75a4f653
RTD.M.S0.N.C_DJEIG.X,2026-09-09,65784,e50fc162205a0060db4f78afbc555dc2839b16929a58644f7c3332dceedebd71
RTD.M.S0.N.C_DJENG.X,2026-09-09,60177,c2705559629076d7944ccf3d0ab510b36a15e893a9c451a3e6b0a810bb326fe1
RTD.M.S0.N.C_DJETE.X,2026-09-09,65779,ed83fcd12e612e299c59aede760ec0ebbf0834b215f6ebd02fc5bba987509603
RTD.M.S0.N.C_DJETC.X,2026-09-09,65791,c82afc93419072eb4a0faf1e78b0d9a311fd3b00082ded390dcd923090454a6c
RTD.M.S0.N.C_DJEUT.X,2026-09-09,65772,19c54a343a6bfd2ae6d43f71ffc12e5d95c42ed05cc7fb395eeb2d0ea23c8f52
RTD.M.S0.N.C_NIKKE.X,2026-09-09,81490,25ae6876876ea6289171464cb487c692601c4efb9f249b6bba849003c837430d
RTD.M.S0.N.C_SP500.X,2026-09-09,82220,c9606981216c83bcbc0f4adba48c81dc7392b558fd487e24984f5e6f1d36fc3e
RTD.M.S0.S.Y_COAOB.F,2026-09-09,89644,8311e69c2959f07d7cbc2369122178c4e1ce535075bb1cf639708e4283ac0bd4
RTD.M.S0.S.Y_COCCI.F,2026-09-09,93061,a457361ab6104bbc73719f1778106d39a7cae3a4a42805358b660a88938ea9e7
RTD.M.S0.S.Y_COEEX.F,2026-09-09,89644,71a9f5a386f3f6e65c90c39d6174a6f7c0e5b41f55b50ccd90dc34bce08a37f9
RTD.M.S0.S.Y_CSCCI.F,2026-09-09,84375,574fca9c22f26f0d2116acdd620838df1c05c6c7fca495c21f8b8c50716af060
RTD.M.S0.S.Y_CSF12.F,2026-09-09,81724,28f4caf1b023dfd8dbfd0045c21055ff61d69888fe4f026aee58ce977a039cdd
RTD.M.S0.S.Y_CSG12.F,2026-09-09,81724,36f9773f0628a0ec3ad63a9b86181c442dae5885dec789b0c8c17e24587b200a
RTD.M.S0.S.Y_CSS12.F,2026-09-09,81724,d003812174ce0ab7b687fb588d59c53dbd2e9bd4074c01743747bb566a44842b
RTD.M.S0.S.Y_CSU12.F,2026-09-09,81724,100e587ac46f2c48dba9a32333ea21bd72653f31337af3990b96b6707f6ce811
RTD.M.S0.S.Y_ESIND.F,2026-09-09,89712,e88aa59c9db4727d1f281344064567022a18ba9cfdd13914e5f7f9209b9468fb
RTD.M.S0.S.Y_ISAOB.F,2026-09-09,92993,1c441ed71403d60eae1bd3df7cfd0c2c1b0e788c0584fbe0f50c13fcaf255f9d
RTD.M.S0.S.Y_ISASP.F,2026-09-09,89644,e9679601a7b22aa65c9f57fff72c4a9c597946f39ec93f7ff498c59a63e5eca7
RTD.Q.S0.S.Y_ISLCU.F,2026-09-09,31777,1800771d450ed60761d20744bd602ab7ce6149379769dac5c5e1cb46b201da0a
RTD.M.S0.S.Y_ISICI.F,2026-09-09,93061,4b6eed69d28c4e28f3c0ab275cae0a626423281e8ab647496aff1c81c2ac8823
RTD.M.S0.S.Y_ISPEX.F,2026-09-09,92993,09421fc9eb9acbe4e641023fde45e8922b3c05f4a26b4fdc3b91991b0ca3d3a9
RTD.M.S0.S.Y_RSAOS.F,2026-09-09,82267,4f3450ac2fd81baaa25bfd039f7a7d9905c28c52e9806b4907f78684561cd677
RTD.M.S0.S.Y_RSBEX.F,2026-09-09,81424,851612f852dcffe8c1fb6ca00f00b63a3915145baa4e6c896e1505e21592d6b5
RTD.M.S0.S.Y_RSPBS.F,2026-09-09,82267,af0f060b84e723c7866025fafeeadd9600fe459caf31ad7ceee98015c8bf1136
RTD.M.S0.S.Y_RSRCI.F,2026-09-09,83827,f52e542e3dcb06866ca84c5c664d25ce89e639a1a8e0032afa76b923fd2ab267
RTD.M.S0.S.Y_SSABC.F,2026-09-09,51799,68815babda2e32b5936217b2873140975d8e4f92d2df22bec2b99521797937f8
RTD.M.S0.S.Y_SSEDE.F,2026-09-09,51799,49fd4bc0ad6757c9790621cda232963392d1211b81739c5120020efa0b40c517
RTD.M.S0.S.Y_SSEDR.F,2026-09-09,51799,6abd9102fe7800279bd0e2707a82ee849f63656e200add739e7d93e24d8eb106
RTD.M.S0.S.Y_SSSCI.F,2026-09-09,51867,dc2543c1292a98981c3c8068582927eb5f218bd12ac55d1b8ab249b0d0db77e7
RTD.M.S0.S.L_UNETO.M,2026-09-09,53390,7f7c5cf32cf335cb92586897c661d4336fe06c5aeb661b2b9edede59d3e00078
RTD.M.S0.S.L_FMO25.M,2026-09-09,53390,ad29979793ac3e289dfedfc3e87212551450a256b9759344f5045135b56471c9
RTD.M.S0.S.L_MATOT.M,2026-09-09,53390,cc30868fe8f132ade1b4679f1b15aa868e01740d87399483ec24e96d08e3323c
RTD.M.S0.S.L_FMU25.M,2026-09-09,53390,3de64ecd31e6b13aace7ddb341c0a198dad80547c70dd3604c545d64a01874d9
RTD.M.S0.S.L_FETOT.M,2026-09-09,53477,7d0bc5557c7116823f6b2a7ec676990f6601277f07e88e18e740d24d4190d66b
RTD.M.S0.S.L_UNETO.F,2026-09-09,51945,a465aaa6e0eba681388c6b2a899407954b31ab8652d98b3960bdd42495b241db
RTD.M.JP.Y.L_UNETO.F,2026-09-09,110844,d1ef7777f1d6fedb1afdc0325c333f5f1c8782e3e55780f81db211905c38d816
RTD.M.US.Y.L_UNETO.F,2026-09-09,137987,e4faff2a2c2ad6fafae735d6b1e077c14b5ca58ae77a5e9cd2a7152165da3c47
RTD.M.S0.S.L_FMO25.F,2026-09-09,51945,3a3b0001e328a5d8276b733c1e4bfd14298bd2b7016edd68c14c46aea91cf36b
RTD.M.S0.S.L_MATOT.F,2026-09-09,51945,930314c7b79d0366f372b7f4c3137a028f2ba27baf86ad747a65368674e4903d
RTD.M.S0.S.L_FMU25.F,2026-09-09,51945,2ed6ab8cd211e1f4a86ecc742a5e8a1993169a1e234afe525ec03ad8196439be
RTD.M.S0.S.L_FETOT.F,2026-09-09,51756,8f2752b3a2e11fbd76949f3b578a734d5aec6d6c71416367cb29e16813108b87
RTD.Q.S0.S.L_ULC_AHFF.X,2026-09-09,16876,6f9154694b962e300e4bf8aa7c906d1a43d1c5e331878e09d5a363ebb22eefdb
RTD.Q.S0.Y.L_ULC_ARTOSER.X,2026-09-09,11180,14883a967779dc51f89cfe4104d96ceef8e9e2c01f420b7b17d4acd6af7b6041
RTD.Q.S0.S.L_ULC_CONST.X,2026-09-09,16879,555156dc01e4072b32870e846be7f4c360e45a5a470ff7a09cf9bf60fede7b62
RTD.Q.S0.Y.L_ULC_FININS.X,2026-09-09,11180,8ba38f55c763c2e3df3b3be7bdba75c7a9282562ee61dbcc08ebbaaef121deef
RTD.Q.S0.S.L_ULC_INDTO.X,2026-09-09,16879,8f18ae81c6a77275407fdbd9acdd33432e78a56e8b0505c573302aafe9ec0d6e
RTD.Q.S0.Y.L_ULC_INFCOM.X,2026-09-09,11180,65dfc4fa656c64ffcb60d7daa243eff1d2b135a1dfd145c857149affd9f954db
RTD.Q.US.Y.L_ULC_MANUF.X,2026-09-09,46151,c20a21016ea750330a0fd50d4d57e8e05163a2d7b58bb2fd39f1efd6debdc647
RTD.Q.S0.Y.L_ULC_SCADM.X,2026-09-09,11180,ab24d196814d9ae866e0d1227d64165a8283ae59ca730d063708bec097f0f4da
RTD.Q.S0.Y.L_ULC_DEFEDU.X,2026-09-09,11180,0e66f63db4dec244cc5bd8922c0f44c832e72863fff139ab0a491454eda18c40
RTD.Q.S0.Y.L_ULC_REST.X,2026-09-09,11180,79493cbd14b9c698a5b0911a457c6fad87c0a34de96796fe42e94ec1c4e4efb6
RTD.Q.S0.S.L_ULC_TO.X,2026-09-09,19500,86d51d50330106caf8d5e2428dd443afde2b51369186a1d894463d58ee525a1c
RTD.Q.S0.S.L_ULC_WSHRTC.X,2026-09-09,16879,a5b0e6d3fe7396c2b56ba533bc2b0bbb4be48d4e7da1790ef867413024f91bef
