series,rtd_key,eurostat,compared_on,quarters,first,last,measure,worst,quarters_outside_tolerance,largest_unrounded_level_difference,level_ratio_min,level_ratio_max,agrees
Real GDP,RTD.Q.S0.S.G_GDPM_TO_C.E,namq_10_gdp Q.CLV15_MEUR.SCA.B1GQ.EA21,quarterly growth,125,1995-Q1,2026-Q2,largest growth difference (percentage points),4.443486201211044e-06,0,230825.77963235974,1.0738934583525426,1.073893508032129,True
Nominal GDP,RTD.Q.S0.S.G_GDPM_TO_U.E,namq_10_gdp Q.CP_MEUR.SCA.B1GQ.EA21,levels at 1 decimal,126,1995-Q1,2026-Q2,quarters that differ at 1 decimal,0.0,0,0.04999588988721371,0.9999999750456556,1.000000024783345,True
Real private consumption,RTD.Q.S0.S.G_FCHI_TO_C.E,namq_10_gdp Q.CLV15_MEUR.SCA.P31_S14_S15.EA21,quarterly growth,125,1995-Q1,2026-Q2,largest growth difference (percentage points),8.055982192445299e-06,0,92806.66996511002,1.0556695552447557,1.0556696395259448,True
Nominal private consumption,RTD.Q.S0.S.G_FCHI_TO_U.E,namq_10_gdp Q.CP_MEUR.SCA.P31_S14_S15.EA21,levels at 1 decimal,126,1995-Q1,2026-Q2,quarters that differ at 1 decimal,0.0,0,0.049894910072907805,0.9999999493520575,1.0000000583228774,True
Real government consumption,RTD.Q.S0.S.G_FCGG_TO_C.E,namq_10_gdp Q.CLV15_MEUR.SCA.P3_S13.EA21,quarterly growth,125,1995-Q1,2026-Q2,largest growth difference (percentage points),2.0819841206609624e-05,0,65158.36007626599,1.0961251945312736,1.0961254267194682,True
Real gross fixed capital formation,RTD.Q.S0.S.G_GFCF_TO_C.E,namq_10_gdp Q.CLV15_MEUR.SCA.P51G.EA21,quarterly growth,125,1995-Q1,2026-Q2,largest growth difference (percentage points),1.898333910066441e-05,0,50296.84943009296,1.0756171868939723,1.0756174152268694,True
Real exports of goods and services,RTD.Q.S0.S.G_XGS_TO_C.E,namq_10_gdp Q.CLV15_MEUR.SCA.P6.EA21,quarterly growth,125,1995-Q1,2026-Q2,largest growth difference (percentage points),1.7871060387086857e-05,0,28964.793133050203,1.017909502574344,1.017909688154166,True
Real imports of goods and services,RTD.Q.S0.S.G_MGS_TO_C.E,namq_10_gdp Q.CLV15_MEUR.SCA.P7.EA21,quarterly growth,125,1995-Q1,2026-Q2,largest growth difference (percentage points),1.7139913399688567e-05,0,3885.4895233500283,1.0026033563141374,1.0026035262714073,True
Total employment,RTD.Q.S0.S.L_TEMP_TO.M,namq_10_a10_e Q.THS_PER.TOTAL.SCA.EMP_DC.EA21,levels at 2 decimals,126,1995-Q1,2026-Q2,quarters that differ at 2 decimals,0.0,0,0.00489827198907733,0.999999969182251,1.000000033229618,True
