workbook,sheets,old_series_code,has_vintage_columns,vintage_columns,first_vintage,last_vintage,last_vintage_with_data,vintages_before_2001,dates_stored_as_numbers,numbers_first,numbers_last
Copy of AWM12UP5.xls,"legend, AWM12UP5",,False,0,,,,0,0,,
IPP.xls,"Sheet1, code",STS.M.I2.N.PRIN.NS0020.4.000,True,117,1999-10-01,2009-06-01,2009-06-01,15,0,,
M1.xls,"Sheet1, code, Sheet3",BSI.M.U2.Y.V.M10.X.1.U2.2300.Z01.E,True,102,2001-01-01,2009-06-01,2009-06-01,0,0,,
M3.xls,"Sheet1, code, Sheet3",BSI.M.U2.Y.V.M30.X.1.U2.2300.Z01.E,True,102,2001-01-01,2009-06-01,2009-06-01,0,0,,
bm.xls,"Sheet1, code, Sheet3",ILM.M.U2.C.LT01.Z5.EUR,True,102,2001-01-01,2009-06-01,2009-06-01,0,0,,
can.xls,"Sheet1, code, Sheet3",BOP.M.I2.N.4.993.N.A1.E,True,102,2001-01-01,2009-06-01,2009-06-01,0,0,,
cin.xls,"Sheet1, code",ESA.Q.I2.S.1000.P52_53.0000.TTTT.V.U.A,True,102,2001-01-01,2009-06-01,2009-06-01,0,0,,
cir.xls,"Sheet1, code",ESA.Q.I2.S.1000.P52_53.0000.TTTT.Q.U.A,True,93,2001-01-01,2008-09-01,2005-12-01,0,0,,
ddd.xls,"Sheet1, code, Sheet3",ESA.Q.I2.S.1000.P30_50.0000.TTTT.D.U.I,True,102,2001-01-01,2009-06-01,2009-06-01,0,0,,
gbr10y.xls,"Sheet1, code, Sheet3",FM.M.U2.EUR.4F.BB.U2_10Y.YLD,True,102,2001-01-01,2009-06-01,2008-01-01,0,0,,
gcd.xls,"Sheet1, code, Sheet3",ESA.Q.I2.S.1300.P30000.0000.TTTT.D.U.I,True,102,2001-01-01,2009-06-01,2009-06-01,0,0,,
gcn.xls,"Sheet1, code",ESA.Q.I2.S.1300.P30000.0000.TTTT.V.U.A,True,102,2001-01-01,2009-06-01,2009-06-01,0,0,,
gcr.xls,"Sheet1, code",ESA.Q.I2.S.1300.P30000.0000.TTTT.Q.U.A,True,102,2001-01-01,2009-06-01,2009-06-01,0,0,,
hicp.xls,"Sheet1, code, Sheet3",ICP.M.U2.N.000000.4.INX,True,102,2001-01-01,2009-06-01,2009-06-01,0,0,,
hlc.xls,"Sheet1, code, Sheet3",STS.Q.U2.S.LCIT.NS0025.4.000,True,102,2001-01-01,2009-06-01,2009-06-01,0,0,,
ipSA.xls,"Sheet1, code, Sheet3",STS.M.I2.Y.PROD.NS0020.4.000,True,102,2001-01-01,2009-06-01,2009-06-01,0,0,,
ir3m.xls,"Sheet1, code, Sheet3",FM.M.U2.EUR.4F.MM.EURIBOR3MD_.LST,True,102,2001-01-01,2009-06-01,2009-06-01,0,0,,
itd.xls,"Sheet1, code, Sheet3",ESA.Q.I2.S.1000.P51000.0000.TTTT.D.U.I,True,102,2001-01-01,2009-06-01,2009-06-01,0,0,,
itn.xls,"Sheet1, code",ESA.Q.I2.S.1000.P51000.0000.TTTT.V.U.A,True,102,2001-01-01,2009-06-01,2009-06-01,0,0,,
itr.xls,"Sheet1, code",ESA.Q.I2.S.1000.P51000.0000.TTTT.Q.U.A,True,102,2001-01-01,2009-06-01,2009-06-01,0,0,,
legend.xls,"Sheet1, Sheet2, Sheet3",,False,0,,,,0,0,,
lnn.xls,"Sheet1, code, Sheet3",ESA.Q.I2.S.1000.TOTEMP.0000.TTTT.N.P.E,True,102,2001-01-01,2009-06-01,2009-06-01,0,0,,
mtd.xls,"Sheet1, code, Sheet3",ESA.Q.I2.S.0000.P70000.2000.TTTT.D.U.I,True,102,2001-01-01,2009-06-01,2009-06-01,0,0,,
mtn.xls,"Sheet1, code",ESA.Q.I2.S.0000.P70000.2000.TTTT.V.U.A,True,102,2001-01-01,2009-06-01,2009-06-01,0,0,,
mtr.xls,"Sheet1, code",ESA.Q.I2.S.0000.P70000.2000.TTTT.Q.U.A,True,102,2001-01-01,2009-06-01,2009-06-01,0,0,,
pcd.xls,"Sheet1, code, Sheet2",ESA.Q.I2.S.1415.P31000.0000.TTTT.D.U.I,True,102,2001-01-01,2009-06-01,2009-06-01,0,0,,
pcn.xls,"Sheet1, code",ESA.Q.I2.S.1415.P31000.0000.TTTT.V.U.A,True,102,2001-01-01,2009-06-01,2009-06-01,0,0,,
pcr.xls,"Sheet1, code",ESA.Q.I2.S.1415.P31000.0000.TTTT.Q.U.A,True,102,2001-01-01,2009-06-01,2009-06-01,0,0,,
positions.xls,"Foglio1, Foglio2, Foglio3",,False,0,,,,0,0,,
psd.xls,"Sheet1, codes, Sheet3",GST.A.I2.N.B1300.UMD.B0000.CU.G,True,102,2001-01-01,2009-06-01,2009-06-01,0,0,,
sei.xls,"Sheet1, code, Sheet3",FM.M.U2.EUR.4F.EI._STOXXE.HST,True,102,2001-01-01,2009-06-01,2009-06-01,0,0,,
tcre.xls,"Sheet1, code, Sheet3",BSI.M.U2.Y.U.AT2.A.1.U2.2200.Z01.E,True,102,2001-01-01,2009-06-01,2009-06-01,0,0,,
tloa.xls,"Sheet1, code, Sheet3",BSI.M.U2.Y.U.A20.A.1.U2.2200.Z01.E,True,102,2001-01-01,2009-06-01,2009-06-01,0,0,,
ulc.xls,"Sheet1, code, Sheet3",ESA.Q.I2.S.1000.UNLACO.0000.TTTT.D.U.E,True,102,2001-01-01,2009-06-01,2009-06-01,0,0,,
unrx.xls,"Sheet1, code, Sheet3",STS.M.I2.S.UNEH.RTT000.4.000,True,102,2001-01-01,2009-06-01,2009-06-01,0,0,,
xtd.xls,"Sheet1, code, Sheet2",ESA.Q.I2.S.2000.P60000.0000.TTTT.D.U.I,True,102,2001-01-01,2009-06-01,2009-06-01,0,0,,
xtn.xls,"Sheet1, code",ESA.Q.I2.S.2000.P60000.0000.TTTT.V.U.A,True,102,2001-01-01,2009-06-01,2009-06-01,0,0,,
xtr.xls,"Sheet1, code",ESA.Q.I2.S.2000.P60000.0000.TTTT.Q.U.A,True,102,2001-01-01,2009-06-01,2009-06-01,0,0,,
yed.xls,"Sheet1, code",ESA.Q.I2.S.0000.B1QG00.1000.TTTT.D.U.I,True,102,2001-01-01,2009-06-01,2009-06-01,0,12,2004-09-01,2005-08-01
yen.xls,"Sheet1, code",ESA.Q.I2.S.0000.B1QG00.1000.TTTT.V.U.A,True,102,2001-01-01,2009-06-01,2009-06-01,0,0,,
yer.xls,"Sheet1, code",ESA.Q.I2.S.0000.B1QG00.1000.TTTT.Q.U.A,True,102,2001-01-01,2009-06-01,2009-06-01,0,0,,
