Folder,Variable,Frequency,Behind,Last vintage with any change,Vintages since then (to 2026-09-09),Normal run without a change (vintages),Last period in the 2026-09-09 vintage,"Usual gap between vintage date and last period, 2015-2022 (periods)",Gap in the 2026-09-09 vintage (periods),Periods behind usual,ECB series key
Balance of payments,"Capital account, credit",Monthly,no,2026-09-09,0,2,2026-06,3.0,3,0.0,RTD.M.S0.N.X_KA1C_A1.E
Balance of payments,"Capital account, debit",Monthly,no,2026-09-09,0,2,2026-06,3.0,3,0.0,RTD.M.S0.N.X_KA1D_A1.E
Balance of payments,Current account balance,Monthly,yes,2025-06-04,9,2,2025-03,3.0,18,15.0,RTD.M.S0.N.X_XA1N_A1.E
Balance of payments,"Current account, credit",Monthly,yes,2025-06-04,9,2,2025-03,3.0,18,15.0,RTD.M.S0.N.X_XI1C_A1.E
Balance of payments,"Current account, debit",Monthly,yes,2025-06-04,9,2,2025-03,3.0,18,15.0,RTD.M.S0.N.X_XI1D_A1.E
Balance of payments,"Goods, credit",Monthly,yes,2025-06-04,9,2,2025-03,3.0,18,15.0,RTD.M.S0.N.X_XA1C_A1.E
Balance of payments,"Goods, debit",Monthly,yes,2025-06-04,9,2,2025-03,3.0,18,15.0,RTD.M.S0.N.X_XA1D_A1.E
Balance of payments,"Primary income, credit",Monthly,yes,2025-06-04,9,2,2025-03,3.0,18,15.0,RTD.M.S0.N.X_XS1C_A1.E
Balance of payments,"Primary income, debit",Monthly,yes,2025-06-04,9,2,2025-03,3.0,18,15.0,RTD.M.S0.N.X_XS1D_A1.E
Balance of payments,"Secondary income, credit",Monthly,yes,2025-06-04,9,2,2025-03,3.0,18,15.0,RTD.M.S0.N.X_XT1C_A1.E
Balance of payments,"Secondary income, debit",Monthly,yes,2025-06-04,9,2,2025-03,3.0,18,15.0,RTD.M.S0.N.X_XT1D_A1.E
Balance of payments,"Services, credit",Monthly,yes,2025-06-04,9,2,2025-03,3.0,18,15.0,RTD.M.S0.N.X_XG1C_A1.E
Balance of payments,"Services, debit",Monthly,yes,2025-06-04,9,2,2025-03,3.0,18,15.0,RTD.M.S0.N.X_XG1D_A1.E
Commodity prices,"Oil price, Brent crude",Monthly,yes,2024-12-11,13,2,2024-11,1.0,22,21.0,RTD.M.S0.N.P_OILBR.E
Commodity prices,"Raw material prices, excluding energy",Monthly,yes,2024-12-11,13,8,2024-11,1.0,22,21.0,RTD.M.S0.N.P_R_XNRGY.E
Commodity prices,"Raw material prices, total",Monthly,yes,2024-12-11,13,8,2024-11,1.0,22,21.0,RTD.M.S0.N.P_R_TO.E
Construction prices,"Construction prices, residential buildings",Quarterly,no,2026-09-09,0,2,2026-Q2,2.0,1,-1.0,RTD.Q.S0.N.P_CO_RESB.X
Consumer prices (HICP),"Consumer prices (CPI), all items - Japan",Monthly,yes,2025-06-04,9,2,2025-04,2.0,17,15.0,RTD.M.JP.N.P_C_OV.X
Consumer prices (HICP),"Consumer prices (CPI), all items - United States",Monthly,no,2026-09-09,0,2,2026-07,2.0,2,0.0,RTD.M.US.N.P_C_OV.X
Consumer prices (HICP),"HICP inflation rate, all items",Monthly,no,2026-09-09,0,2,2026-08,1.0,1,0.0,RTD.M.S0.N.P_C_OV.A
Consumer prices (HICP),"HICP, all items",Monthly,no,2026-09-09,0,2,2026-08,1.0,1,0.0,RTD.M.S0.N.P_C_OV.X
Consumer prices (HICP),"HICP, communication services",Monthly,no,2026-09-09,0,2,2026-07,2.0,2,0.0,RTD.M.S0.N.P_C_COMM.X
Consumer prices (HICP),"HICP, energy",Monthly,no,2026-09-09,0,2,2026-08,1.0,1,0.0,RTD.M.S0.N.P_C_NRGY.X
Consumer prices (HICP),"HICP, excluding energy and unprocessed food",Monthly,yes,2025-06-04,9,2,2025-05,1.0,16,15.0,RTD.M.S0.N.P_C_XEFUN.X
Consumer prices (HICP),"HICP, food, alcohol and tobacco",Monthly,no,2026-09-09,0,2,2026-08,1.0,1,0.0,RTD.M.S0.N.P_C_FOOD.X
Consumer prices (HICP),"HICP, goods",Monthly,no,2026-09-09,0,2,2026-07,2.0,2,0.0,RTD.M.S0.N.P_C_GOOD.X
Consumer prices (HICP),"HICP, housing services",Monthly,no,2026-09-09,0,2,2026-07,2.0,2,0.0,RTD.M.S0.N.P_C_HOUS.X
Consumer prices (HICP),"HICP, miscellaneous services",Monthly,no,2026-09-09,0,2,2026-07,2.0,2,0.0,RTD.M.S0.N.P_C_MISC.X
Consumer prices (HICP),"HICP, non-energy industrial goods",Monthly,no,2026-09-09,0,2,2026-08,1.0,1,0.0,RTD.M.S0.N.P_C_IGXE.X
Consumer prices (HICP),"HICP, processed food",Monthly,no,2026-09-09,0,2,2026-08,1.0,1,0.0,RTD.M.S0.N.P_C_FOODPR.X
Consumer prices (HICP),"HICP, recreation and personal services",Monthly,no,2026-09-09,0,2,2026-07,2.0,2,0.0,RTD.M.S0.N.P_C_RECR.X
Consumer prices (HICP),"HICP, services",Monthly,no,2026-09-09,0,2,2026-08,1.0,1,0.0,RTD.M.S0.N.P_C_SERV.X
Consumer prices (HICP),"HICP, transport services",Monthly,no,2026-09-09,0,2,2026-07,2.0,2,0.0,RTD.M.S0.N.P_C_TRAN.X
Consumer prices (HICP),"HICP, unprocessed food",Monthly,no,2026-09-09,0,2,2026-08,1.0,1,0.0,RTD.M.S0.N.P_C_FOODUN.X
Employment,Employees,Quarterly,no,2026-09-09,0,3,2026-Q2,2.0,1,-1.0,RTD.Q.S0.N.L_EMP_TO.M
Employment,"Employment, agriculture",Quarterly,no,2026-09-09,0,3,2026-Q2,2.0,1,-1.0,RTD.Q.S0.N.L_TEMP_AHFF.M
Employment,"Employment, arts and other services",Quarterly,no,2026-09-09,0,3,2026-Q2,2.0,1,-1.0,RTD.Q.S0.N.L_TEMP_ARTOSER.M
Employment,"Employment, construction",Quarterly,no,2026-09-09,0,3,2026-Q2,2.0,1,-1.0,RTD.Q.S0.N.L_TEMP_CONST.M
Employment,"Employment, finance and insurance",Quarterly,no,2026-09-09,0,3,2026-Q2,2.0,1,-1.0,RTD.Q.S0.N.L_TEMP_FININS.M
Employment,"Employment, industry",Quarterly,no,2026-09-09,0,3,2026-Q2,2.0,1,-1.0,RTD.Q.S0.N.L_TEMP_INDTO.M
Employment,"Employment, information and communication",Quarterly,no,2026-09-09,0,3,2026-Q2,2.0,1,-1.0,RTD.Q.S0.N.L_TEMP_INFCOM.M
Employment,"Employment, professional and business services",Quarterly,no,2026-09-09,0,3,2026-Q2,2.0,1,-1.0,RTD.Q.S0.N.L_TEMP_SCADM.M
Employment,"Employment, public admin, education and health",Quarterly,no,2026-09-09,0,3,2026-Q2,2.0,1,-1.0,RTD.Q.S0.N.L_TEMP_DEFEDU.M
Employment,"Employment, real estate",Quarterly,no,2026-09-09,0,3,2026-Q2,2.0,1,-1.0,RTD.Q.S0.N.L_TEMP_REST.M
Employment,"Employment, total (not adjusted)",Quarterly,no,2026-09-09,0,3,2026-Q2,2.0,1,-1.0,RTD.Q.S0.N.L_TEMP_TO.M
Employment,"Employment, total (seasonally adjusted)",Quarterly,no,2026-09-09,0,3,2026-Q2,2.0,1,-1.0,RTD.Q.S0.S.L_TEMP_TO.M
Employment,"Employment, trade, transport and hospitality",Quarterly,no,2026-09-09,0,3,2026-Q2,2.0,1,-1.0,RTD.Q.S0.N.L_TEMP_WSHRTC.M
Employment,Self-employed,Quarterly,no,2026-09-09,0,3,2026-Q2,2.0,1,-1.0,RTD.Q.S0.N.L_SEMP_TO.M
Exchange rates,"Euro nominal effective exchange rate, broad group",Monthly,no,2026-09-09,0,2,2026-08,1.0,1,0.0,RTD.M.S0.N.E_EN00_BGR.X
Exchange rates,"Euro nominal effective exchange rate, narrow group",Monthly,no,2026-09-09,0,2,2026-08,1.0,1,0.0,RTD.M.S0.N.E_EN00_NGR.X
Exchange rates,"Euro real effective exchange rate (CPI deflated), broad group",Monthly,no,2026-09-09,0,2,2026-08,1.0,1,0.0,RTD.M.S0.N.E_ERC0_BGR.X
Exchange rates,"Euro real effective exchange rate (CPI deflated), narrow group",Monthly,no,2026-09-09,0,2,2026-08,1.0,1,0.0,RTD.M.S0.N.E_ERC0_NGR.X
Exchange rates,"Euro real effective exchange rate (PPI deflated), narrow group",Monthly,no,2026-09-09,0,2,2026-08,1.0,1,0.0,RTD.M.S0.N.E_ERP0_NGR.X
Exchange rates,"Euro real effective exchange rate (ULC deflated), narrow group",Quarterly,no,2026-09-09,0,2,2026-Q1,2.0,2,0.0,RTD.Q.S0.N.E_ERU1_NGR.X
GDP,GDP deflator,Quarterly,no,2026-09-09,0,3,2026-Q2,2.0,1,-1.0,RTD.Q.S0.S.G_GDPM_TO_D.X
GDP,Nominal GDP,Quarterly,no,2026-09-09,0,3,2026-Q2,2.0,1,-1.0,RTD.Q.S0.S.G_GDPM_TO_U.E
GDP,Real GDP,Quarterly,no,2026-09-09,0,3,2026-Q2,1.0,1,0.0,RTD.Q.S0.S.G_GDPM_TO_C.E
GDP,Real GDP - Japan,Quarterly,yes,2025-06-04,9,2,2025-Q1,2.0,6,4.0,RTD.Q.JP.Y.G_GDPM_TO_C.X
GDP,Real GDP - United States,Quarterly,yes,2025-06-04,9,2,2025-Q1,1.5,6,4.5,RTD.Q.US.Y.G_GDPM_TO_C.U
GDP expenditure components,"Changes in inventories, nominal",Quarterly,no,2026-09-09,0,3,2026-Q2,2.0,1,-1.0,RTD.Q.S0.S.G_CIAXDV_TO_U.E
GDP expenditure components,"Domestic demand, deflator",Quarterly,no,2026-09-09,0,3,2026-Q2,2.0,1,-1.0,RTD.Q.S0.S.G_DDIS_TO_D.X
GDP expenditure components,"Exports of goods and services, deflator",Quarterly,no,2026-09-09,0,3,2026-Q2,2.0,1,-1.0,RTD.Q.S0.S.G_XGS_TO_D.X
GDP expenditure components,"Exports of goods and services, nominal",Quarterly,no,2026-09-09,0,3,2026-Q2,2.0,1,-1.0,RTD.Q.S0.S.G_XGS_TO_U.E
GDP expenditure components,"Exports of goods and services, real",Quarterly,no,2026-09-09,0,3,2026-Q2,2.0,1,-1.0,RTD.Q.S0.S.G_XGS_TO_C.E
GDP expenditure components,"Government consumption, deflator",Quarterly,no,2026-09-09,0,3,2026-Q2,2.0,1,-1.0,RTD.Q.S0.S.G_FCGG_TO_D.X
GDP expenditure components,"Government consumption, nominal",Quarterly,no,2026-09-09,0,3,2026-Q2,2.0,1,-1.0,RTD.Q.S0.S.G_FCGG_TO_U.E
GDP expenditure components,"Government consumption, real",Quarterly,no,2026-09-09,0,3,2026-Q2,2.0,1,-1.0,RTD.Q.S0.S.G_FCGG_TO_C.E
GDP expenditure components,"Imports of goods and services, deflator",Quarterly,no,2026-09-09,0,3,2026-Q2,2.0,1,-1.0,RTD.Q.S0.S.G_MGS_TO_D.X
GDP expenditure components,"Imports of goods and services, nominal",Quarterly,no,2026-09-09,0,3,2026-Q2,2.0,1,-1.0,RTD.Q.S0.S.G_MGS_TO_U.E
GDP expenditure components,"Imports of goods and services, real",Quarterly,no,2026-09-09,0,3,2026-Q2,2.0,1,-1.0,RTD.Q.S0.S.G_MGS_TO_C.E
GDP expenditure components,"Investment, deflator",Quarterly,no,2026-09-09,0,3,2026-Q2,2.0,1,-1.0,RTD.Q.S0.S.G_GFCF_TO_D.X
GDP expenditure components,"Investment, nominal",Quarterly,no,2026-09-09,0,3,2026-Q2,2.0,1,-1.0,RTD.Q.S0.S.G_GFCF_TO_U.E
GDP expenditure components,"Investment, real",Quarterly,no,2026-09-09,0,3,2026-Q2,2.0,1,-1.0,RTD.Q.S0.S.G_GFCF_TO_C.E
GDP expenditure components,"Private consumption, deflator",Quarterly,no,2026-09-09,0,3,2026-Q2,2.0,1,-1.0,RTD.Q.S0.S.G_FCHI_TO_D.X
GDP expenditure components,"Private consumption, nominal",Quarterly,no,2026-09-09,0,3,2026-Q2,2.0,1,-1.0,RTD.Q.S0.S.G_FCHI_TO_U.E
GDP expenditure components,"Private consumption, real",Quarterly,no,2026-09-09,0,3,2026-Q2,2.0,1,-1.0,RTD.Q.S0.S.G_FCHI_TO_C.E
Goods exports,"Goods exports, capital goods, unit value index",Monthly,yes,2025-06-04,9,2,2025-02,4.0,19,15.0,RTD.M.S0.S.T_XCAP_U.X
Goods exports,"Goods exports, capital goods, value",Monthly,no,2026-09-09,0,2,2026-05,4.0,4,0.0,RTD.M.S0.S.T_XCAP.E
Goods exports,"Goods exports, capital goods, volume index",Monthly,no,2026-09-09,0,2,2026-05,4.0,4,0.0,RTD.M.S0.S.T_XCAP_V.X
Goods exports,"Goods exports, consumer goods, unit value index",Monthly,yes,2025-06-04,9,2,2025-02,4.0,19,15.0,RTD.M.S0.S.T_XCOM_U.X
Goods exports,"Goods exports, consumer goods, value",Monthly,no,2026-09-09,0,2,2026-05,4.0,4,0.0,RTD.M.S0.S.T_XCOM.E
Goods exports,"Goods exports, consumer goods, volume index",Monthly,no,2026-09-09,0,2,2026-05,4.0,4,0.0,RTD.M.S0.S.T_XCOM_V.X
Goods exports,"Goods exports, intermediate goods, unit value index",Monthly,yes,2025-06-04,9,2,2025-02,4.0,19,15.0,RTD.M.S0.S.T_XINT_U.X
Goods exports,"Goods exports, intermediate goods, value",Monthly,no,2026-09-09,0,2,2026-05,4.0,4,0.0,RTD.M.S0.S.T_XINT.E
Goods exports,"Goods exports, intermediate goods, volume index",Monthly,no,2026-09-09,0,2,2026-05,4.0,4,0.0,RTD.M.S0.S.T_XINT_V.X
Goods exports,"Goods exports, manufactured goods, unit value index",Monthly,yes,2025-06-04,9,2,2025-02,4.0,19,15.0,RTD.M.S0.S.T_XMAN_U.X
Goods exports,"Goods exports, manufactured goods, value",Monthly,no,2026-09-09,0,2,2026-06,3.0,3,0.0,RTD.M.S0.S.T_XMAN.E
Goods exports,"Goods exports, manufactured goods, volume index",Monthly,no,2026-09-09,0,2,2026-05,4.0,4,0.0,RTD.M.S0.S.T_XMAN_V.X
Goods exports,"Goods exports, total, unit value index (not adjusted)",Monthly,yes,2025-06-04,9,2,2025-02,4.0,19,15.0,RTD.M.S0.N.T_XTTT_U.X
Goods exports,"Goods exports, total, unit value index (seasonally adjusted)",Monthly,yes,2025-06-04,9,2,2025-02,4.0,19,15.0,RTD.M.S0.S.T_XTTT_U.X
Goods exports,"Goods exports, total, value (not adjusted)",Monthly,no,2026-09-09,0,2,2026-06,3.0,3,0.0,RTD.M.S0.N.T_XTTT.X
Goods exports,"Goods exports, total, value (seasonally adjusted)",Monthly,no,2026-09-09,0,2,2026-06,3.0,3,0.0,RTD.M.S0.S.T_XTTT.E
Goods exports,"Goods exports, total, volume index (not adjusted)",Monthly,no,2026-09-09,0,2,2026-05,4.0,4,0.0,RTD.M.S0.N.T_XTTT_V.X
Goods exports,"Goods exports, total, volume index (seasonally adjusted)",Monthly,no,2026-09-09,0,2,2026-05,4.0,4,0.0,RTD.M.S0.S.T_XTTT_V.X
Goods imports,"Goods imports, capital goods, unit value index",Monthly,yes,2025-06-04,9,2,2025-02,4.0,19,15.0,RTD.M.S0.S.T_MCAP_U.X
Goods imports,"Goods imports, capital goods, value",Monthly,no,2026-09-09,0,2,2026-05,4.0,4,0.0,RTD.M.S0.S.T_MCAP.E
Goods imports,"Goods imports, capital goods, volume index",Monthly,no,2026-09-09,0,2,2026-05,4.0,4,0.0,RTD.M.S0.S.T_MCAP_V.X
Goods imports,"Goods imports, consumer goods, unit value index",Monthly,yes,2025-06-04,9,2,2025-02,4.0,19,15.0,RTD.M.S0.S.T_MCOM_U.X
Goods imports,"Goods imports, consumer goods, value",Monthly,no,2026-09-09,0,2,2026-05,4.0,4,0.0,RTD.M.S0.S.T_MCOM.E
Goods imports,"Goods imports, consumer goods, volume index",Monthly,no,2026-09-09,0,2,2026-05,4.0,4,0.0,RTD.M.S0.S.T_MCOM_V.X
Goods imports,"Goods imports, intermediate goods, unit value index",Monthly,yes,2025-06-04,9,2,2025-02,4.0,19,15.0,RTD.M.S0.S.T_MINT_U.X
Goods imports,"Goods imports, intermediate goods, value",Monthly,no,2026-09-09,0,2,2026-05,4.0,4,0.0,RTD.M.S0.S.T_MINT.E
Goods imports,"Goods imports, intermediate goods, volume index",Monthly,no,2026-09-09,0,2,2026-05,4.0,4,0.0,RTD.M.S0.S.T_MINT_V.X
Goods imports,"Goods imports, manufactured goods, unit value index",Monthly,yes,2025-06-04,9,2,2025-02,4.0,19,15.0,RTD.M.S0.S.T_MMAN_U.X
Goods imports,"Goods imports, manufactured goods, value",Monthly,no,2026-09-09,0,2,2026-06,3.0,3,0.0,RTD.M.S0.S.T_MMAN.E
Goods imports,"Goods imports, manufactured goods, volume index",Monthly,no,2026-09-09,0,2,2026-05,4.0,4,0.0,RTD.M.S0.S.T_MMAN_V.X
Goods imports,"Goods imports, oil, unit value index",Monthly,yes,2025-06-04,9,2,2025-02,4.0,19,15.0,RTD.M.S0.S.T_MOIL_U.X
Goods imports,"Goods imports, oil, value",Monthly,no,2026-09-09,0,2,2026-05,4.0,4,0.0,RTD.M.S0.S.T_MOIL.E
Goods imports,"Goods imports, oil, volume index",Monthly,no,2026-09-09,0,2,2026-05,4.0,4,0.0,RTD.M.S0.S.T_MOIL_V.X
Goods imports,"Goods imports, total, unit value index (not adjusted)",Monthly,yes,2025-06-04,9,2,2025-02,4.0,19,15.0,RTD.M.S0.N.T_MTTT_U.X
Goods imports,"Goods imports, total, unit value index (seasonally adjusted)",Monthly,yes,2025-06-04,9,2,2025-02,4.0,19,15.0,RTD.M.S0.S.T_MTTT_U.X
Goods imports,"Goods imports, total, value (not adjusted)",Monthly,no,2026-09-09,0,2,2026-06,3.0,3,0.0,RTD.M.S0.N.T_MTTT.X
Goods imports,"Goods imports, total, value (seasonally adjusted)",Monthly,no,2026-09-09,0,2,2026-06,3.0,3,0.0,RTD.M.S0.S.T_MTTT.E
Goods imports,"Goods imports, total, volume index (not adjusted)",Monthly,no,2026-09-09,0,2,2026-05,4.0,4,0.0,RTD.M.S0.N.T_MTTT_V.X
Goods imports,"Goods imports, total, volume index (seasonally adjusted)",Monthly,no,2026-09-09,0,2,2026-05,4.0,4,0.0,RTD.M.S0.S.T_MTTT_V.X
Government finance,Central government balance,Annual,no,2026-04-29,2,6,2025,1.0,1,0.0,RTD.A.S0.N.F_UMD_CCG_D0.F
Government finance,General government balance,Annual,no,2026-04-29,2,6,2025,1.0,1,0.0,RTD.A.S0.N.F_UMD_CGG_D0.F
Government finance,General government primary balance,Annual,no,2026-04-29,2,5,2025,1.0,1,0.0,RTD.A.S0.N.F_UMS_CGG_D0.F
Government finance,Government collective consumption,Annual,yes,2025-06-04,9,6,2024,1.0,2,1.0,RTD.A.S0.N.F_CEC_CGG_D0.F
Government finance,Government compensation of employees,Annual,no,2026-04-29,2,6,2025,1.0,1,0.0,RTD.A.S0.N.F_COE_CGG_D0.F
Government finance,Government consumption of fixed capital,Annual,yes,2025-06-04,9,6,2024,1.0,2,1.0,RTD.A.S0.N.F_CFC_CGG_D0.F
Government finance,Government final consumption,Annual,yes,2025-06-04,9,6,2024,1.0,2,1.0,RTD.A.S0.N.F_CEF_CGG_D0.F
Government finance,Government individual consumption,Annual,yes,2025-06-04,9,6,2024,1.0,2,1.0,RTD.A.S0.N.F_CEI_CGG_D0.F
Government finance,Government intermediate consumption,Annual,no,2026-04-29,2,6,2025,1.0,1,0.0,RTD.A.S0.N.F_INC_CGG_D0.F
Government finance,Government revenue from sales,Annual,yes,2025-06-04,9,5,2024,1.0,2,1.0,RTD.A.S0.N.F_SAL_C0_DGG.F
Government finance,Government social transfers in kind,Annual,yes,2025-06-04,9,6,2024,1.0,2,1.0,RTD.A.S0.N.F_STM_CGG_DH.F
Government finance,Local government balance,Annual,no,2026-04-29,2,5,2025,1.0,1,0.0,RTD.A.S0.N.F_DEF_CLG_D0.F
Government finance,Social security funds balance,Annual,no,2026-04-29,2,6,2025,1.0,1,0.0,RTD.A.S0.N.F_DEF_CSF_D0.F
Government finance,State government balance,Annual,no,2026-04-29,2,6,2025,1.0,1,0.0,RTD.A.S0.N.F_DEF_CSG_D0.F
Gross value added,"Gross value added, agriculture, nominal",Quarterly,no,2026-09-09,0,3,2026-Q2,2.0,1,-1.0,RTD.Q.S0.S.G_GVAD_AHFF_U.E
Gross value added,"Gross value added, agriculture, real",Quarterly,no,2026-09-09,0,3,2026-Q2,2.0,1,-1.0,RTD.Q.S0.S.G_GVAD_AHFF_O.E
Gross value added,"Gross value added, arts and other services, nominal",Quarterly,no,2026-09-09,0,3,2026-Q2,2.0,1,-1.0,RTD.Q.S0.S.G_GVAD_ARTOSER_U.E
Gross value added,"Gross value added, arts and other services, real",Quarterly,no,2026-09-09,0,3,2026-Q2,2.0,1,-1.0,RTD.Q.S0.S.G_GVAD_ARTOSER_O.E
Gross value added,"Gross value added, construction, nominal",Quarterly,no,2026-09-09,0,3,2026-Q2,2.0,1,-1.0,RTD.Q.S0.S.G_GVAD_CONST_U.E
Gross value added,"Gross value added, construction, real",Quarterly,no,2026-09-09,0,3,2026-Q2,2.0,1,-1.0,RTD.Q.S0.S.G_GVAD_CONST_O.E
Gross value added,"Gross value added, finance and insurance, nominal",Quarterly,no,2026-09-09,0,3,2026-Q2,2.0,1,-1.0,RTD.Q.S0.S.G_GVAD_FININS_U.E
Gross value added,"Gross value added, finance and insurance, real",Quarterly,no,2026-09-09,0,3,2026-Q2,2.0,1,-1.0,RTD.Q.S0.S.G_GVAD_FININS_O.E
Gross value added,"Gross value added, industry, nominal",Quarterly,no,2026-09-09,0,3,2026-Q2,2.0,1,-1.0,RTD.Q.S0.S.G_GVAD_INDTO_U.E
Gross value added,"Gross value added, industry, real",Quarterly,no,2026-09-09,0,3,2026-Q2,2.0,1,-1.0,RTD.Q.S0.S.G_GVAD_INDTO_O.E
Gross value added,"Gross value added, information and communication, nominal",Quarterly,no,2026-09-09,0,3,2026-Q2,2.0,1,-1.0,RTD.Q.S0.S.G_GVAD_INFCOM_U.E
Gross value added,"Gross value added, information and communication, real",Quarterly,no,2026-09-09,0,3,2026-Q2,2.0,1,-1.0,RTD.Q.S0.S.G_GVAD_INFCOM_O.E
Gross value added,"Gross value added, professional and business services, nominal",Quarterly,no,2026-09-09,0,3,2026-Q2,2.0,1,-1.0,RTD.Q.S0.S.G_GVAD_SCADM_U.E
Gross value added,"Gross value added, professional and business services, real",Quarterly,no,2026-09-09,0,3,2026-Q2,2.0,1,-1.0,RTD.Q.S0.S.G_GVAD_SCADM_O.E
Gross value added,"Gross value added, public admin, education and health, nominal",Quarterly,no,2026-09-09,0,3,2026-Q2,2.0,1,-1.0,RTD.Q.S0.S.G_GVAD_DEFEDU_U.E
Gross value added,"Gross value added, public admin, education and health, real",Quarterly,no,2026-09-09,0,3,2026-Q2,2.0,1,-1.0,RTD.Q.S0.S.G_GVAD_DEFEDU_O.E
Gross value added,"Gross value added, real estate, nominal",Quarterly,no,2026-09-09,0,3,2026-Q2,2.0,1,-1.0,RTD.Q.S0.S.G_GVAD_REST_U.E
Gross value added,"Gross value added, real estate, real",Quarterly,no,2026-09-09,0,3,2026-Q2,2.0,1,-1.0,RTD.Q.S0.S.G_GVAD_REST_O.E
Gross value added,"Gross value added, total, nominal",Quarterly,no,2026-09-09,0,3,2026-Q2,2.0,1,-1.0,RTD.Q.S0.S.G_GVAD_TO_U.E
Gross value added,"Gross value added, total, real",Quarterly,no,2026-09-09,0,3,2026-Q2,2.0,1,-1.0,RTD.Q.S0.S.G_GVAD_TO_O.E
Gross value added,"Gross value added, trade, transport and hospitality, nominal",Quarterly,no,2026-09-09,0,3,2026-Q2,2.0,1,-1.0,RTD.Q.S0.S.G_GVAD_WSHRTC_U.E
Gross value added,"Gross value added, trade, transport and hospitality, real",Quarterly,no,2026-09-09,0,3,2026-Q2,2.0,1,-1.0,RTD.Q.S0.S.G_GVAD_WSHRTC_O.E
Gross value added,"Taxes less subsidies on products, nominal",Quarterly,yes,2025-04-16,10,3,2024-Q4,2.0,7,5.0,RTD.Q.S0.S.G_TLSP_TO_U.E
Gross value added,"Taxes less subsidies on products, real",Quarterly,no,2026-09-09,0,3,2026-Q2,2.0,1,-1.0,RTD.Q.S0.S.G_TLSP_TO_O.E
Industrial production,"Industrial production, capital goods",Monthly,yes,2025-10-29,6,2,2025-08,2.0,13,11.0,RTD.M.S0.W.I_CAPGO.X
Industrial production,"Industrial production, construction",Monthly,yes,2025-10-29,6,2,2025-08,3.0,13,10.0,RTD.M.S0.W.I_CONST.X
Industrial production,"Industrial production, consumer goods",Monthly,yes,2025-10-29,6,2,2025-08,2.0,13,11.0,RTD.M.S0.W.I_CONGO.X
Industrial production,"Industrial production, durable consumer goods",Monthly,yes,2025-06-04,9,2,2025-03,2.0,18,16.0,RTD.M.S0.W.I_DCOGO.X
Industrial production,"Industrial production, energy",Monthly,yes,2025-10-29,6,2,2025-08,2.0,13,11.0,RTD.M.S0.W.I_ENERG.X
Industrial production,"Industrial production, excl. construction (seasonally adjusted)",Monthly,yes,2025-10-29,6,2,2025-08,2.0,13,11.0,RTD.M.S0.Y.I_XCONS.X
Industrial production,"Industrial production, excl. construction (working day adjusted)",Monthly,yes,2025-10-29,6,2,2025-08,2.0,13,11.0,RTD.M.S0.W.I_XCONS.X
Industrial production,"Industrial production, excl. construction and energy",Monthly,yes,2025-06-04,9,2,2025-03,2.0,18,16.0,RTD.M.S0.W.I_XCOEN.X
Industrial production,"Industrial production, incl. construction",Monthly,yes,2025-06-04,9,2,2025-03,3.0,18,15.0,RTD.M.S0.W.I_INDTO.X
Industrial production,"Industrial production, intermediate goods",Monthly,yes,2025-10-29,6,2,2025-08,2.0,13,11.0,RTD.M.S0.W.I_INTGO.X
Industrial production,"Industrial production, manufacturing",Monthly,yes,2025-10-29,6,2,2025-08,2.0,13,11.0,RTD.M.S0.W.I_MANUF.X
Industrial production,"Industrial production, manufacturing - Japan",Monthly,yes,2025-06-04,9,2,2025-04,2.0,17,15.0,RTD.M.JP.N.I_MANUF.X
Industrial production,"Industrial production, manufacturing - United States",Monthly,yes,2025-06-04,9,4,2025-04,2.0,17,15.0,RTD.M.US.Y.I_MANUF.X
Industrial production,"Industrial production, non-durable consumer goods",Monthly,yes,2025-06-04,9,2,2025-03,2.0,18,16.0,RTD.M.S0.W.I_NCOGO.X
Interest rates and bond yields,Eonia,Monthly,yes,2024-04-10,18,2,2021-12,1.0,57,56.0,RTD.M.S0.N.C_EONIA.E
Interest rates and bond yields,Euribor 1-month,Monthly,no,2026-09-09,0,2,2026-08,1.0,1,0.0,RTD.M.S0.N.C_EUR1M.E
Interest rates and bond yields,Euribor 1-year,Monthly,no,2026-09-09,0,2,2026-08,1.0,1,0.0,RTD.M.S0.N.C_EUR1Y.E
Interest rates and bond yields,Euribor 3-month,Monthly,no,2026-09-09,0,2,2026-08,1.0,1,0.0,RTD.M.S0.N.C_EUR3M.E
Interest rates and bond yields,Euribor 6-month,Monthly,no,2026-09-09,0,2,2026-08,1.0,1,0.0,RTD.M.S0.N.C_EUR6M.E
Interest rates and bond yields,Euro area government bond yield 10-year,Monthly,yes,2024-12-11,13,8,2024-11,1.0,22,21.0,RTD.M.S0.N.C_U210Y.E
Interest rates and bond yields,Euro area government bond yield 2-year,Monthly,yes,2024-12-11,13,8,2024-11,1.0,22,21.0,RTD.M.S0.N.C_U202Y.E
Interest rates and bond yields,Euro area government bond yield 3-year,Monthly,yes,2024-12-11,13,8,2024-11,1.0,22,21.0,RTD.M.S0.N.C_U203Y.E
Interest rates and bond yields,Euro area government bond yield 5-year,Monthly,yes,2024-12-11,13,8,2024-11,1.0,22,21.0,RTD.M.S0.N.C_U205Y.E
Interest rates and bond yields,Euro area government bond yield 7-year,Monthly,yes,2024-12-11,13,8,2024-11,1.0,22,21.0,RTD.M.S0.N.C_U207Y.E
Interest rates and bond yields,Japanese yen Libor 3-month,Monthly,yes,2024-04-10,18,2,2023-01,1.0,44,43.0,RTD.M.S0.N.C_JPL3M.J
Interest rates and bond yields,US dollar Libor 3-month,Monthly,yes,2024-10-16,14,2,2024-09,1.0,24,23.0,RTD.M.S0.N.C_USL3M.U
Labour costs,"Labour cost index, construction",Quarterly,yes,2025-06-04,9,4,2025-Q1,2.0,6,4.0,RTD.Q.S0.W.L_H_CONST.X
Labour costs,"Labour cost index, industry excluding construction",Quarterly,yes,2025-06-04,9,4,2025-Q1,2.0,6,4.0,RTD.Q.S0.W.L_H_XCONS.X
Labour costs,"Labour cost index, non-wage costs",Quarterly,no,2026-09-09,0,3,2026-Q2,2.0,1,-1.0,RTD.Q.S0.W.L_HC_WXAFG.X
Labour costs,"Labour cost index, services",Quarterly,yes,2025-06-04,9,4,2025-Q1,2.0,6,4.0,RTD.Q.S0.W.L_H_SERV.X
Labour costs,"Labour cost index, total (seasonally adjusted)",Quarterly,yes,2025-06-04,9,4,2025-Q1,2.0,6,4.0,RTD.Q.S0.Y.L_H_WXAFG.X
Labour costs,"Labour cost index, total (working day adjusted)",Quarterly,no,2026-09-09,0,4,2026-Q2,2.0,1,-1.0,RTD.Q.S0.W.L_H_WXAFG.X
Labour costs,"Labour cost index, wages and salaries",Quarterly,no,2026-09-09,0,3,2026-Q2,2.0,1,-1.0,RTD.Q.S0.W.L_HW_WXAFG.X
Loans and credit,Credit to the private sector (not adjusted),Monthly,yes,2025-06-04,9,2,2025-04,2.0,17,15.0,RTD.M.S0.Y.M_LOANSEC_U_NG.E
Loans and credit,Credit to the private sector (seasonally adjusted),Monthly,no,2026-09-09,0,2,2026-07,2.0,2,0.0,RTD.M.S0.N.M_LOANSEC_U_NG.E
Loans and credit,Loans to the private sector (not adjusted),Monthly,yes,2025-06-04,9,2,2025-04,2.0,17,15.0,RTD.M.S0.Y.M_LOAN_U_NG.E
Loans and credit,Loans to the private sector (seasonally adjusted),Monthly,no,2026-09-09,0,2,2026-07,2.0,2,0.0,RTD.M.S0.N.M_LOAN_U_NG.E
Money supply,Base money,Monthly,yes,2025-06-04,9,2,2025-04,1.0,17,16.0,RTD.M.S0.N.M_M3BM_C_WN.E
Money supply,M1 (not adjusted),Monthly,yes,2025-06-04,9,2,2025-04,2.0,17,15.0,RTD.M.S0.Y.M_M1_V_NC.E
Money supply,M1 (seasonally adjusted),Monthly,no,2026-09-09,0,2,2026-07,2.0,2,0.0,RTD.M.S0.N.M_M1_V_NC.E
Money supply,M2 (not adjusted),Monthly,yes,2025-06-04,9,2,2025-04,2.0,17,15.0,RTD.M.S0.Y.M_M2_V_NC.E
Money supply,M2 (seasonally adjusted),Monthly,no,2026-09-09,0,2,2026-07,2.0,2,0.0,RTD.M.S0.N.M_M2_V_NC.E
Money supply,M2 - Japan,Monthly,yes,2025-06-04,9,2,2025-04,1.0,17,16.0,RTD.M.JP.Y.M_M2.J
Money supply,M2 - United States,Monthly,yes,2025-06-04,9,2,2025-04,2.0,17,15.0,RTD.M.US.Y.M_M2.U
Money supply,M3 (not adjusted),Monthly,yes,2025-06-04,9,2,2025-04,2.0,17,15.0,RTD.M.S0.Y.M_M3_V_NC.E
Money supply,M3 (seasonally adjusted),Monthly,no,2026-09-09,0,2,2026-07,2.0,2,0.0,RTD.M.S0.N.M_M3_V_NC.E
Money supply,M3 annual growth rate (not adjusted),Monthly,yes,2025-06-04,9,2,2025-04,2.0,17,15.0,RTD.M.S0.N.M_M3BM_V_NC.A
Money supply,M3 annual growth rate (seasonally adjusted),Monthly,no,2026-09-09,0,2,2026-07,2.0,2,0.0,RTD.M.S0.Y.M_M3BM_V_NC.A
New car registrations,New car registrations (seasonally adjusted),Monthly,no,2026-09-09,0,2,2026-06,2.0,3,1.0,RTD.M.S0.Y.I_NCARS.Q
New car registrations,New car registrations (working day adjusted),Monthly,yes,2023-03-15,27,2,2022-12,2.0,45,43.0,RTD.M.S0.W.I_NCARS.Q
Producer prices,"Producer prices, capital goods",Monthly,yes,2025-10-29,6,2,2025-08,2.0,13,11.0,RTD.M.S0.N.P_P_CAPGO_DS.X
Producer prices,"Producer prices, consumer goods",Monthly,yes,2025-10-29,6,2,2025-08,2.0,13,11.0,RTD.M.S0.N.P_P_CONGO_DS.X
Producer prices,"Producer prices, durable consumer goods",Monthly,yes,2025-06-04,9,2,2025-03,2.0,18,16.0,RTD.M.S0.N.P_P_DCOGO_DS.X
Producer prices,"Producer prices, energy",Monthly,yes,2025-10-29,6,2,2025-08,2.0,13,11.0,RTD.M.S0.N.P_P_ENERG_DS.X
Producer prices,"Producer prices, excl. construction",Monthly,yes,2025-10-29,6,2,2025-08,2.0,13,11.0,RTD.M.S0.N.P_P_XCONS_DS.X
Producer prices,"Producer prices, excl. construction and energy",Monthly,yes,2025-10-29,6,2,2025-08,2.0,13,11.0,RTD.M.S0.N.P_P_XCOEN_DS.X
Producer prices,"Producer prices, intermediate goods",Monthly,yes,2025-10-29,6,2,2025-08,2.0,13,11.0,RTD.M.S0.N.P_P_INTGO_DS.X
Producer prices,"Producer prices, manufacturing",Monthly,yes,2025-10-29,6,2,2025-08,2.0,13,11.0,RTD.M.S0.N.P_P_MANUF_DS.X
Producer prices,"Producer prices, non-durable consumer goods",Monthly,yes,2024-12-11,13,2,2024-10,2.0,23,21.0,RTD.M.S0.N.P_P_NCOGO_DS.X
Retail sales,"Retail sales, food, beverages and tobacco, real",Monthly,yes,2025-10-29,6,2,2025-08,2.0,13,11.0,RTD.M.S0.Y.O_RTFOBETD.X
Retail sales,"Retail sales, household equipment, real",Monthly,yes,2024-03-06,19,2,2020-12,3.0,69,66.0,RTD.M.S0.Y.O_RTHOUSED.X
Retail sales,"Retail sales, non-food, real",Monthly,yes,2025-10-29,6,2,2025-08,2.0,13,11.0,RTD.M.S0.Y.O_RTNONFOD.X
Retail sales,"Retail sales, textiles and clothing, real",Monthly,yes,2024-03-06,19,2,2022-04,3.0,53,50.0,RTD.M.S0.Y.O_RTTEXCLD.X
Retail sales,"Retail sales, total, nominal",Monthly,yes,2025-06-04,9,2,2025-03,2.0,18,16.0,RTD.M.S0.Y.O_RTXMOTV.X
Retail sales,"Retail sales, total, real",Monthly,yes,2025-10-29,6,2,2025-08,2.0,13,11.0,RTD.M.S0.Y.O_RTXMOTVD.X
Stock prices,Euro Stoxx (broad),Monthly,no,2026-09-09,0,2,2026-08,1.0,1,0.0,RTD.M.S0.N.C_DJESB.X
Stock prices,Euro Stoxx 50,Monthly,no,2026-09-09,0,2,2026-08,1.0,1,0.0,RTD.M.S0.N.C_DJE50.X
Stock prices,Euro Stoxx basic materials,Monthly,no,2026-09-09,0,2,2026-08,1.0,1,0.0,RTD.M.S0.N.C_DJEBM.X
Stock prices,Euro Stoxx cyclical goods,Monthly,no,2026-09-09,0,2,2026-08,1.0,1,0.0,RTD.M.S0.N.C_DJECG.X
Stock prices,Euro Stoxx energy,Monthly,no,2026-09-09,0,2,2026-08,1.0,1,0.0,RTD.M.S0.N.C_DJEEN.X
Stock prices,Euro Stoxx financials,Monthly,no,2026-09-09,0,2,2026-08,1.0,1,0.0,RTD.M.S0.N.C_DJEFI.X
Stock prices,Euro Stoxx healthcare,Monthly,no,2026-09-09,0,2,2026-08,1.0,1,0.0,RTD.M.S0.N.C_DJEHC.X
Stock prices,Euro Stoxx industrials,Monthly,no,2026-09-09,0,2,2026-08,1.0,1,0.0,RTD.M.S0.N.C_DJEIG.X
Stock prices,Euro Stoxx non-cyclical goods,Monthly,no,2026-09-09,0,2,2026-08,1.0,1,0.0,RTD.M.S0.N.C_DJENG.X
Stock prices,Euro Stoxx technology,Monthly,no,2026-09-09,0,2,2026-08,1.0,1,0.0,RTD.M.S0.N.C_DJETE.X
Stock prices,Euro Stoxx telecommunications,Monthly,no,2026-09-09,0,2,2026-08,1.0,1,0.0,RTD.M.S0.N.C_DJETC.X
Stock prices,Euro Stoxx utilities,Monthly,no,2026-09-09,0,2,2026-08,1.0,1,0.0,RTD.M.S0.N.C_DJEUT.X
Stock prices,Nikkei 225,Monthly,no,2026-09-09,0,2,2026-08,1.0,1,0.0,RTD.M.S0.N.C_NIKKE.X
Stock prices,S&P 500,Monthly,no,2026-09-09,0,2,2026-08,1.0,1,0.0,RTD.M.S0.N.C_SP500.X
Surveys,"Construction Survey, Assessment of order books",Monthly,yes,2025-06-04,9,2,2025-05,1.0,16,15.0,RTD.M.S0.S.Y_COAOB.F
Surveys,"Construction Survey, Construction Confidence Indicator",Monthly,no,2026-09-09,0,2,2026-08,1.0,1,0.0,RTD.M.S0.S.Y_COCCI.F
Surveys,"Construction Survey, Employment expectations for the months ahead",Monthly,yes,2025-06-04,9,2,2025-05,1.0,16,15.0,RTD.M.S0.S.Y_COEEX.F
Surveys,"Consumer Survey, Consumer Confidence Indicator",Monthly,no,2026-09-09,0,2,2026-08,1.0,1,0.0,RTD.M.S0.S.Y_CSCCI.F
Surveys,"Consumer Survey, Financial situation over next 12 months",Monthly,yes,2025-06-04,9,2,2025-05,1.0,16,15.0,RTD.M.S0.S.Y_CSF12.F
Surveys,"Consumer Survey, General economic situation over next 12 months",Monthly,yes,2025-06-04,9,2,2025-05,1.0,16,15.0,RTD.M.S0.S.Y_CSG12.F
Surveys,"Consumer Survey, Savings over next 12 months",Monthly,yes,2025-06-04,9,2,2025-05,1.0,16,15.0,RTD.M.S0.S.Y_CSS12.F
Surveys,"Consumer Survey, Unemployment expectations over next 12 months",Monthly,yes,2025-06-04,9,2,2025-05,1.0,16,15.0,RTD.M.S0.S.Y_CSU12.F
Surveys,Economic Sentiment Indicator,Monthly,no,2026-09-09,0,2,2026-08,1.0,1,0.0,RTD.M.S0.S.Y_ESIND.F
Surveys,"Industry Survey, Assessment of order-book levels",Monthly,yes,2025-06-04,9,2,2025-05,1.0,16,15.0,RTD.M.S0.S.Y_ISAOB.F
Surveys,"Industry Survey, Assessment of stocks of finished products",Monthly,yes,2025-06-04,9,2,2025-05,1.0,16,15.0,RTD.M.S0.S.Y_ISASP.F
Surveys,"Industry Survey, Current level of capacity utilization",Quarterly,no,2026-09-09,0,4,2026-Q3,0.0,0,0.0,RTD.Q.S0.S.Y_ISLCU.F
Surveys,"Industry Survey, Industrial Confidence Indicator",Monthly,no,2026-09-09,0,2,2026-08,1.0,1,0.0,RTD.M.S0.S.Y_ISICI.F
Surveys,"Industry Survey, Production expectations for the months ahead",Monthly,yes,2025-06-04,9,2,2025-05,1.0,16,15.0,RTD.M.S0.S.Y_ISPEX.F
Surveys,"Retail Trade Survey, Assessment of stocks",Monthly,yes,2025-06-04,9,2,2025-05,1.0,16,15.0,RTD.M.S0.S.Y_RSAOS.F
Surveys,"Retail Trade Survey, Expected business situation",Monthly,yes,2025-06-04,9,2,2025-05,1.0,16,15.0,RTD.M.S0.S.Y_RSBEX.F
Surveys,"Retail Trade Survey, Present business situation",Monthly,yes,2025-06-04,9,2,2025-05,1.0,16,15.0,RTD.M.S0.S.Y_RSPBS.F
Surveys,"Retail Trade Survey, Retail Confidence Indicator",Monthly,no,2026-09-09,0,2,2026-08,1.0,1,0.0,RTD.M.S0.S.Y_RSRCI.F
Surveys,"Service Survey, Assessment of the business climate",Monthly,yes,2025-06-04,9,2,2025-05,1.0,16,15.0,RTD.M.S0.S.Y_SSABC.F
Surveys,"Service Survey, Evolution of demand expected in the months ahead",Monthly,yes,2025-06-04,9,2,2025-05,1.0,16,15.0,RTD.M.S0.S.Y_SSEDE.F
Surveys,"Service Survey, Evolution of demand in recent months",Monthly,yes,2025-06-04,9,2,2025-05,1.0,16,15.0,RTD.M.S0.S.Y_SSEDR.F
Surveys,"Service Survey, Service Confidence Indicator",Monthly,no,2026-09-09,0,2,2026-08,1.0,1,0.0,RTD.M.S0.S.Y_SSSCI.F
Unemployment,Unemployed persons,Monthly,no,2026-09-09,0,2,2026-07,2.0,2,0.0,RTD.M.S0.S.L_UNETO.M
Unemployment,"Unemployed persons, 25 and over",Monthly,no,2026-09-09,0,2,2026-07,2.0,2,0.0,RTD.M.S0.S.L_FMO25.M
Unemployment,"Unemployed persons, men",Monthly,no,2026-09-09,0,2,2026-07,2.0,2,0.0,RTD.M.S0.S.L_MATOT.M
Unemployment,"Unemployed persons, under 25",Monthly,no,2026-09-09,0,2,2026-07,2.0,2,0.0,RTD.M.S0.S.L_FMU25.M
Unemployment,"Unemployed persons, women",Monthly,no,2026-09-09,0,2,2026-07,2.0,2,0.0,RTD.M.S0.S.L_FETOT.M
Unemployment,Unemployment rate,Monthly,no,2026-09-09,0,2,2026-07,2.0,2,0.0,RTD.M.S0.S.L_UNETO.F
Unemployment,Unemployment rate - Japan,Monthly,yes,2024-03-06,19,2,2023-12,2.0,33,31.0,RTD.M.JP.Y.L_UNETO.F
Unemployment,Unemployment rate - United States,Monthly,yes,2025-06-04,9,2,2025-04,1.0,17,16.0,RTD.M.US.Y.L_UNETO.F
Unemployment,"Unemployment rate, 25 and over",Monthly,no,2026-09-09,0,2,2026-07,2.0,2,0.0,RTD.M.S0.S.L_FMO25.F
Unemployment,"Unemployment rate, men",Monthly,no,2026-09-09,0,2,2026-07,2.0,2,0.0,RTD.M.S0.S.L_MATOT.F
Unemployment,"Unemployment rate, under 25",Monthly,no,2026-09-09,0,2,2026-07,2.0,2,0.0,RTD.M.S0.S.L_FMU25.F
Unemployment,"Unemployment rate, women",Monthly,no,2026-09-09,0,2,2026-07,2.0,2,0.0,RTD.M.S0.S.L_FETOT.F
Unit labour costs,"Unit labour costs, agriculture",Quarterly,no,2026-09-09,0,3,2026-Q2,2.0,1,-1.0,RTD.Q.S0.S.L_ULC_AHFF.X
Unit labour costs,"Unit labour costs, arts and other services",Quarterly,no,2026-09-09,0,3,2026-Q2,2.0,1,-1.0,RTD.Q.S0.Y.L_ULC_ARTOSER.X
Unit labour costs,"Unit labour costs, construction",Quarterly,no,2026-09-09,0,3,2026-Q2,2.0,1,-1.0,RTD.Q.S0.S.L_ULC_CONST.X
Unit labour costs,"Unit labour costs, finance and insurance",Quarterly,no,2026-09-09,0,3,2026-Q2,2.0,1,-1.0,RTD.Q.S0.Y.L_ULC_FININS.X
Unit labour costs,"Unit labour costs, industry",Quarterly,no,2026-09-09,0,3,2026-Q2,2.0,1,-1.0,RTD.Q.S0.S.L_ULC_INDTO.X
Unit labour costs,"Unit labour costs, information and communication",Quarterly,no,2026-09-09,0,3,2026-Q2,2.0,1,-1.0,RTD.Q.S0.Y.L_ULC_INFCOM.X
Unit labour costs,"Unit labour costs, manufacturing - United States",Quarterly,yes,2025-06-04,9,3,2025-Q1,2.0,6,4.0,RTD.Q.US.Y.L_ULC_MANUF.X
Unit labour costs,"Unit labour costs, professional and business services",Quarterly,no,2026-09-09,0,3,2026-Q2,2.0,1,-1.0,RTD.Q.S0.Y.L_ULC_SCADM.X
Unit labour costs,"Unit labour costs, public admin, education and health",Quarterly,no,2026-09-09,0,3,2026-Q2,2.0,1,-1.0,RTD.Q.S0.Y.L_ULC_DEFEDU.X
Unit labour costs,"Unit labour costs, real estate",Quarterly,no,2026-09-09,0,3,2026-Q2,2.0,1,-1.0,RTD.Q.S0.Y.L_ULC_REST.X
Unit labour costs,"Unit labour costs, total",Quarterly,no,2026-09-09,0,3,2026-Q2,2.0,1,-1.0,RTD.Q.S0.S.L_ULC_TO.X
Unit labour costs,"Unit labour costs, trade, transport and hospitality",Quarterly,no,2026-09-09,0,3,2026-Q2,2.0,1,-1.0,RTD.Q.S0.S.L_ULC_WSHRTC.X
