vintage_date,newest_quarter,adds_a_quarter,level,rtd_growth_pct,why,eurostat_release_date,eurostat_growth_pct,source_url,note,rtd_growth_1dp,matches,released_by_vintage_date
2015-03-04,2014-Q4,True,2426210.15662,0.33869387018297115,adds a quarter,2015-02-13,0.3,https://ec.europa.eu/eurostat/web/products-euro-indicators/-/2-13022015-ap,"Flash estimate (29/2015), EA18: ""Seasonally adjusted GDP rose by 0.3% in the euro area (EA18)"". The t+65 estimate of 6 March 2015 also gives 0.3.",0.3,True,True
2015-06-02,2015-Q1,True,2434957.11322,0.4000864767253365,adds a quarter,2015-05-13,0.4,https://ec.europa.eu/eurostat/web/products-euro-indicators/-/2-13052015-bp,"Flash estimate (84/2015), EA19: ""Seasonally adjusted GDP rose by 0.4% in both the euro area (EA19) and the EU28"".",0.4,True,True
2016-03-09,2015-Q4,True,2467364.42941,0.31309760790270147,adds a quarter,2016-03-08,0.3,https://ec.europa.eu/eurostat/web/products-euro-indicators/-/2-08032016-ap,"GDP and main aggregates estimate (46/2016), EA19: ""Seasonally adjusted GDP rose by 0.3% in the euro area (EA19)"".",0.3,True,True
2016-06-01,2016-Q1,True,2480191.61089,0.5198738105772094,adds a quarter,2016-05-13,0.5,https://ec.europa.eu/eurostat/web/products-euro-indicators/-/2-13052016-ap,"Flash estimate (93/2016), EA19: ""Seasonally adjusted GDP rose by 0.5% in both the euro area (EA19) and the EU28"". The preliminary flash of 29 April 2016 gave 0.6, and the t+65 estimate of 7 June 2016, after this vintage, 0.6.",0.5,True,True
2017-03-08,2016-Q4,True,2528843.62414,0.4080241184719391,adds a quarter,2017-03-07,0.4,https://ec.europa.eu/eurostat/web/products-euro-indicators/-/2-07032017-ap,"GDP and main aggregates estimate (40/2017), EA19: ""Seasonally adjusted GDP rose by 0.4% in the euro area (EA19)"".",0.4,True,True
2017-06-07,2017-Q1,True,2547553.2547,0.5816580946507832,adds a quarter,2017-06-08,0.6,https://ec.europa.eu/eurostat/web/products-euro-indicators/w/2-08062017-ap,"GDP and main aggregates estimate (90/2017), EA19: ""GDP up by 0.6% in both the euro area and the EU28"". Published the day after this vintage was frozen, the day of the Governing Council decision. The latest release before the vintage, the flash of 16 May 2017 (82/2017, w/2-16052017-ap), gave 0.5, which this vintage does not hold.",0.6,True,False
2018-03-07,2017-Q4,True,2610789.79545,0.6015773977258831,adds a quarter,2018-03-07,0.6,https://ec.europa.eu/eurostat/web/products-euro-indicators/w/2-07032018-ap,"GDP and main aggregates estimate (37/2018), EA19: ""Seasonally adjusted GDP rose by 0.6% in both the euro area (EA19) and the EU28"". Published on the vintage date; the flashes of 30 January and 14 February 2018 also gave 0.6.",0.6,True,True
2018-06-13,2018-Q1,True,2626008.53109,0.38395084947162594,adds a quarter,2018-06-07,0.4,https://ec.europa.eu/eurostat/web/products-euro-indicators/w/2-07062018-ap,"GDP and main aggregates estimate (93/2018), EA19: ""Seasonally adjusted GDP rose by 0.4% in both the euro area (EA19) and the EU28"".",0.4,True,True
2019-03-06,2018-Q4,True,2651198.2278,0.19320376215758994,adds a quarter,2019-02-14,0.2,https://ec.europa.eu/eurostat/web/products-euro-indicators/w/2-14022019-ap,"Flash estimates of GDP and employment (29/2019), EA19: ""Seasonally adjusted GDP rose by 0.2% in both the euro area (EA19) and the EU28"". The estimate of 7 March 2019 also gives 0.2.",0.2,True,True
2019-06-05,2019-Q1,True,2664096.77204,0.3926713764052403,adds a quarter,2019-05-15,0.4,https://ec.europa.eu/eurostat/web/products-euro-indicators/w/2-15052019-ap,"Flash estimates of GDP and employment (83/2019), EA19: ""Seasonally adjusted GDP rose by 0.4% in the euro area (EA19)"". The estimate of 6 June 2019 also gives 0.4.",0.4,True,True
2020-03-11,2019-Q4,True,2845893.46598,0.11411593209078585,adds a quarter,2020-03-10,0.1,https://ec.europa.eu/eurostat/web/products-euro-indicators/-/2-10032020-ap,"GDP and employment estimate, EA19: ""Seasonally adjusted GDP rose by 0.1% in the euro area (EA19)"".",0.1,True,True
2020-04-29,2020-Q1,True,2736967.99098,-3.826332826626422,adds a quarter,2020-04-30,-3.8,https://ec.europa.eu/eurostat/web/products-euro-indicators/-/2-30042020-bp,"Preliminary flash estimate, ""GDP down by 3.8% in the euro area"". Published the day after this vintage was frozen.",-3.8,True,False
2020-06-03,2020-Q1,False,2739122.46263,-3.750627359816272,event,2020-05-15,-3.8,https://ec.europa.eu/eurostat/web/products-euro-indicators/-/2-15052020-ap,"Flash estimate, ""GDP down by 3.8% and employment down by 0.2% in the euro area"".",-3.8,True,True
2020-07-15,2020-Q1,False,2742420.43258,-3.5866697975171724,event,2020-06-09,-3.6,https://ec.europa.eu/eurostat/web/products-euro-indicators/-/2-09062020-ap,"Revised estimate, ""GDP down by 3.6% and employment down by 0.2% in the euro area"".",-3.6,True,True
2021-01-20,2020-Q3,False,2720371.70407,12.443352719770973,event,2021-01-18,12.4,https://ec.europa.eu/eurostat/web/products-euro-indicators/-/2-02022021-ap,"Eurostat's t+110 database update of 18 January 2021, which has no news release of its own. The release of 8 December 2020 (-/2-08122020-ap) gave 12.5 and says ""All estimates presented in this release may be revised with the t+110 database update scheduled for 18 January 2021."" The next release, 2 February 2021, gives ""+12.4% in the euro area"" for the third quarter of 2020; that figure is taken as the one after the update.",12.4,True,True
2021-03-10,2020-Q4,True,2705213.49692,-0.6537293271947742,adds a quarter,2021-03-09,-0.7,https://ec.europa.eu/eurostat/web/products-euro-indicators/-/2-09032021-ap,"GDP and employment estimate, EA19: ""seasonally adjusted GDP decreased by 0.7% in the euro area"".",-0.7,True,True
2021-06-09,2021-Q1,True,2701446.36534,-0.33340422463584707,adds a quarter,2021-06-08,-0.3,https://ec.europa.eu/eurostat/web/products-euro-indicators/-/2-08062021-ap,"GDP and employment estimate, EA19: ""seasonally adjusted GDP decreased by 0.3% in the euro area"". The flashes of 30 April and 18 May 2021 gave -0.6.",-0.3,True,True
2021-09-08,2021-Q2,True,2777136.18773,2.228330969351844,adds a quarter,2021-09-07,2.2,https://ec.europa.eu/eurostat/web/products-euro-indicators/-/2-07092021-ap,"GDP and employment estimate, EA19: ""seasonally adjusted GDP increased by 2.2% in the euro area"". The flashes of 30 July and 17 August 2021 gave 2.0.",2.2,True,True
2022-02-02,2021-Q4,True,2851471.44697,0.2944774478672141,adds a quarter,2022-01-31,0.3,https://ec.europa.eu/eurostat/web/products-euro-indicators/-/2-31012022-ap,"Preliminary flash estimate (15/2022), EA19: ""seasonally adjusted GDP increased by 0.3% in the euro area"".",0.3,True,True
2022-07-20,2022-Q1,True,2871498.72186,0.49804920394953545,adds a quarter,2022-07-20,0.5,https://ec.europa.eu/eurostat/web/products-euro-indicators/w/2-29072022-bp,"Eurostat's t+110 database update of 20 July 2022, which has no news release of its own. The release of 8 June 2022 (-/2-08062022-ap) gave 0.6 and says ""All estimates presented in this release may be revised with the t+110 database update scheduled for 20 July 2022."" The next release, 29 July 2022, says ""In the first quarter of 2022, GDP had grown by 0.5% in the euro area""; that figure is taken as the one after the update.",0.5,True,True
2023-02-01,2022-Q4,True,2918620.09256,0.11837267242087446,adds a quarter,2023-01-31,0.1,https://ec.europa.eu/eurostat/web/products-euro-indicators/w/2-31012023-ap,"Preliminary flash estimate (15/2023), EA19: ""seasonally adjusted GDP increased by 0.1% in the euro area"".",0.1,True,True
2023-05-03,2023-Q1,True,2935007.64436,0.08428129971271847,adds a quarter,2023-04-28,0.1,https://ec.europa.eu/eurostat/web/products-euro-indicators/w/2-28042023-ap,"Preliminary flash estimate (51/2023), EA20: ""seasonally adjusted GDP increased by 0.1% in the euro area"".",0.1,True,True
2024-03-06,2023-Q4,True,2949422.51796,0.04031810643694289,adds a quarter,2024-02-14,0.0,https://ec.europa.eu/eurostat/web/products-euro-indicators/w/2-14022024-ap,"Flash estimate (20/2024), EA20: ""seasonally adjusted GDP remained stable in the euro area""; the table prints 0.0.",0.0,True,True
2024-06-05,2024-Q1,True,2959696.7419721,0.32558744739823453,adds a quarter,2024-05-15,0.3,https://ec.europa.eu/eurostat/web/products-euro-indicators/w/2-15052024-ap,"Flash estimate, EA20: ""seasonally adjusted GDP increased by 0.3% in both the euro area and the EU"".",0.3,True,True
2025-03-05,2024-Q4,True,3242414.51951312,0.050811151088248074,adds a quarter,2025-02-14,0.1,https://ec.europa.eu/eurostat/web/products-euro-indicators/w/2-14022025-ap,"Flash estimate, EA20: ""seasonally adjusted GDP increased by 0.1% in the euro area"". The preliminary flash of 30 January 2025 gave 0.0.",0.1,True,True
2025-06-04,2025-Q1,True,3260736.18066679,0.3297865988884041,adds a quarter,2025-05-15,0.3,https://ec.europa.eu/eurostat/web/products-euro-indicators/w/2-15052025-ap,"Flash estimate, EA20: ""seasonally adjusted GDP increased by 0.3% in both the euro area and the EU"". The preliminary flash of 30 April 2025 gave 0.4.",0.3,True,True
2026-02-04,2025-Q4,True,3306928.30689994,0.33419200313689057,adds a quarter,2026-01-30,0.3,https://ec.europa.eu/eurostat/web/products-euro-indicators/w/2-30012026-ap,"Preliminary flash estimate, EA20: ""seasonally adjusted GDP increased by 0.3% in both the euro area and the EU"".",0.3,True,True
2026-04-29,2026-Q1,True,3328402.87652329,0.14768381487126891,adds a quarter,2026-04-30,0.1,https://ec.europa.eu/eurostat/web/products-euro-indicators/w/2-30042026-bp,"Preliminary flash estimate, EA21: ""seasonally adjusted GDP increased by 0.1% in both the euro area and the EU"". Published the day after this vintage was frozen, the day of the Governing Council decision; no release for 2026 Q1 came out earlier.",0.1,True,False
