vintage_date,newest_quarter,adds_a_quarter,level,rtd_growth_pct
2015-01-21,2014-Q3,False,2409754.42367,0.15778420495402568
2015-03-04,2014-Q4,True,2426210.15662,0.33869387018297115
2015-04-14,2014-Q4,False,2425253.99994,0.33028283159655114
2015-06-02,2015-Q1,True,2434957.11322,0.4000864767253365
2015-07-15,2015-Q1,False,2435111.40754,0.37251471425350235
2015-09-02,2015-Q2,True,2442691.73761,0.31129294727660906
2015-10-21,2015-Q2,False,2453124.85607,0.35710974570588583
2015-12-02,2015-Q3,True,2460421.18954,0.29743017164194363
2016-01-20,2015-Q3,False,2458427.14011,0.2893385911994173
2016-03-09,2015-Q4,True,2467364.42941,0.31309760790270147
2016-04-20,2015-Q4,False,2467364.42941,0.31309760790270147
2016-06-01,2016-Q1,True,2480191.61089,0.5198738105772094
2016-07-20,2016-Q1,False,2483550.90907,0.5504252227771511
2016-09-07,2016-Q2,True,2505000.81326,0.2975706131504996
2016-10-19,2016-Q2,False,2505000.81326,0.2975706131504996
2016-12-07,2016-Q3,True,2515860.51789,0.34719850316984324
2017-01-18,2016-Q3,False,2515860.51789,0.34719850316984324
2017-03-08,2016-Q4,True,2528843.62414,0.4080241184719391
2017-04-26,2016-Q4,False,2531236.06823,0.47746540193656095
2017-06-07,2017-Q1,True,2547553.2547,0.5816580946507832
2017-07-19,2017-Q1,False,2547553.2547,0.5816580946507832
2017-09-06,2017-Q2,True,2570921.08702,0.6318895819802606
2017-10-25,2017-Q2,False,2574118.66095,0.6528549206709311
2017-12-13,2017-Q3,True,2592381.6694,0.6065006501367431
2018-01-24,2017-Q3,False,2596270.4768,0.7117851727739044
2018-03-07,2017-Q4,True,2610789.79545,0.6015773977258831
2018-04-25,2017-Q4,False,2612977.68411,0.6705150495042833
2018-06-13,2018-Q1,True,2626008.53109,0.38395084947162594
2018-07-25,2018-Q1,False,2626582.41975,0.3690904481387758
2018-09-12,2018-Q2,True,2639319.10138,0.3813440278864988
2018-10-24,2018-Q2,False,2642805.65179,0.4494320966350607
2018-12-12,2018-Q3,True,2646234.5308,0.15537018979707717
2019-01-23,2018-Q3,False,2646085.89031,0.15827052438688316
2019-03-06,2018-Q4,True,2651198.2278,0.19320376215758994
2019-04-09,2018-Q4,False,2651454.21427,0.21638305667288638
2019-06-05,2019-Q1,True,2664096.77204,0.3926713764052403
2019-07-24,2019-Q1,False,2664928.86366,0.44916555744478615
2019-09-11,2019-Q2,True,2671262.63663,0.20009622728345278
2019-10-23,2019-Q2,False,2833173.02552,0.18892658475655466
2019-12-11,2019-Q3,True,2840462.36885,0.23466325177476932
2020-01-22,2019-Q3,False,2840903.71628,0.2738479323835863
2020-03-11,2019-Q4,True,2845893.46598,0.11411593209078585
2020-04-29,2020-Q1,True,2736967.99098,-3.826332826626422
2020-06-03,2020-Q1,False,2739122.46263,-3.750627359816272
2020-07-15,2020-Q1,False,2742420.43258,-3.5866697975171724
2020-09-09,2020-Q2,True,2416144.59844,-11.769422064469692
2020-10-28,2020-Q2,False,2416251.19032,-11.796781583521732
2020-12-09,2020-Q3,True,2721366.79544,12.470676721712447
2021-01-20,2020-Q3,False,2720371.70407,12.443352719770973
2021-03-10,2020-Q4,True,2705213.49692,-0.6537293271947742
2021-04-21,2020-Q4,False,2705948.98571,-0.6878788836230276
2021-06-09,2021-Q1,True,2701446.36534,-0.33340422463584707
2021-07-21,2021-Q1,False,2706652.75886,-0.31565751994043767
2021-09-08,2021-Q2,True,2777136.18773,2.228330969351844
2021-10-27,2021-Q2,False,2774745.23387,2.1021870986699165
2021-12-15,2021-Q3,True,2840887.93269,2.1937144010250487
2022-02-02,2021-Q4,True,2851471.44697,0.2944774478672141
2022-03-09,2021-Q4,False,2854886.75562,0.25730608895757623
2022-04-13,2021-Q4,False,2854886.75562,0.25730608895757623
2022-06-08,2021-Q4,False,2854886.75562,0.25730608895757623
2022-07-20,2022-Q1,True,2871498.72186,0.49804920394953545
2022-09-07,2022-Q2,True,2902002.96962,0.7714545023439934
2022-10-26,2022-Q2,False,2904245.90497,0.8214248832815629
2022-12-14,2022-Q3,True,2913419.55617,0.31841256522175954
2023-02-01,2022-Q4,True,2918620.09256,0.11837267242087446
2023-03-15,2022-Q4,False,2918450.4216,-0.03190059433033632
2023-05-03,2023-Q1,True,2935007.64436,0.08428129971271847
2023-06-14,2023-Q1,False,2927191.67077,-0.09196665590649467
2023-07-26,2023-Q1,False,2931950.70855,0.014718504152266831
2023-09-13,2023-Q2,True,2939787.71613,0.13071510476203585
2023-10-25,2023-Q2,False,2950893.6478,0.1560771565469521
2023-12-13,2023-Q3,True,2948728.28825,-0.11297834926811134
2024-01-24,2023-Q3,False,2948233.8459,-0.12318026980497887
2024-03-06,2023-Q4,True,2949422.51796,0.04031810643694289
2024-04-10,2023-Q4,False,2950076.0947343,-0.04705967583229498
2024-06-05,2024-Q1,True,2959696.7419721,0.32558744739823453
2024-07-17,2024-Q1,False,2961193.9897809,0.3130419558163622
2024-09-11,2024-Q2,True,2993178.30340215,0.19092663423250222
2024-10-16,2024-Q2,False,2993178.30340215,0.19092663423250222
2024-12-11,2024-Q3,True,3241352.36838186,0.4100324995532034
2025-01-29,2024-Q3,False,3240767.84806542,0.4085042447527609
2025-03-05,2024-Q4,True,3242414.51951312,0.050811151088248074
2025-04-16,2024-Q4,False,3250018.05665449,0.2442299371537171
2025-06-04,2025-Q1,True,3260736.18066679,0.3297865988884041
2025-07-23,2025-Q1,False,3278461.01944311,0.5721291916719773
2025-09-10,2025-Q2,True,3282474.94726051,0.11922809952469304
2025-10-29,2025-Q2,False,3286977.16402646,0.12714052955169475
2025-12-17,2025-Q3,True,3296013.22904609,0.26338023377674435
2026-02-04,2025-Q4,True,3306928.30689994,0.33419200313689057
2026-03-18,2025-Q4,False,3304190.50694016,0.19558543931963435
2026-04-29,2026-Q1,True,3328402.87652329,0.14768381487126891
2026-06-10,2026-Q1,False,3317365.16835049,-0.22059986016446098
2026-09-09,2026-Q2,True,3354588.87963236,0.6329953291181134
