file,url,downloaded_at,server_last_modified,bytes,sha256,observations
namq_10_gdp__Q_CLV15_MEUR_SCA_B1GQ_EA21.csv,https://ec.europa.eu/eurostat/api/dissemination/sdmx/3.0/data/dataflow/ESTAT/namq_10_gdp/1.0/Q.CLV15_MEUR.SCA.B1GQ.EA21?format=csvdata,2026-10-05T22:51:29+00:00,,10179,32732ca2ed368e63a905e8945bab23ed01f0ee5ac248bbc0b38c8dc964b90ba9,126
namq_10_gdp__Q_CP_MEUR_SCA_B1GQ_EA21.csv,https://ec.europa.eu/eurostat/api/dissemination/sdmx/3.0/data/dataflow/ESTAT/namq_10_gdp/1.0/Q.CP_MEUR.SCA.B1GQ.EA21?format=csvdata,2026-10-05T22:51:29+00:00,,9797,93f06026400a31054e23689a9fdd405424c48bd4405b7b5166c05593a0587ad9,126
namq_10_gdp__Q_CLV15_MEUR_SCA_P31_S14_S15_EA21.csv,https://ec.europa.eu/eurostat/api/dissemination/sdmx/3.0/data/dataflow/ESTAT/namq_10_gdp/1.0/Q.CLV15_MEUR.SCA.P31_S14_S15.EA21?format=csvdata,2026-10-05T22:51:29+00:00,,11061,c02f58ae54def61e63179997b803693a02230a632c260fd04adba120b43ddab2,126
namq_10_gdp__Q_CP_MEUR_SCA_P31_S14_S15_EA21.csv,https://ec.europa.eu/eurostat/api/dissemination/sdmx/3.0/data/dataflow/ESTAT/namq_10_gdp/1.0/Q.CP_MEUR.SCA.P31_S14_S15.EA21?format=csvdata,2026-10-05T22:51:30+00:00,,10656,0c14880ac061667a846daf9556f0cd3f77d48f03e0f104bfef60b587e54f7786,126
namq_10_gdp__Q_CLV15_MEUR_SCA_P3_S13_EA21.csv,https://ec.europa.eu/eurostat/api/dissemination/sdmx/3.0/data/dataflow/ESTAT/namq_10_gdp/1.0/Q.CLV15_MEUR.SCA.P3_S13.EA21?format=csvdata,2026-10-05T22:51:30+00:00,,10305,9f4aebf7f9c8c6a5e73e33928ee5d66065e89f4187577e0edf1622e38c484005,126
namq_10_gdp__Q_CLV15_MEUR_SCA_P51G_EA21.csv,https://ec.europa.eu/eurostat/api/dissemination/sdmx/3.0/data/dataflow/ESTAT/namq_10_gdp/1.0/Q.CLV15_MEUR.SCA.P51G.EA21?format=csvdata,2026-10-05T22:51:30+00:00,,10053,832ed67a080523bb4ff0e9ff123e2275625219aa7d76a8ff6c4e6dfcb7dac504,126
namq_10_gdp__Q_CLV15_MEUR_SCA_P6_EA21.csv,https://ec.europa.eu/eurostat/api/dissemination/sdmx/3.0/data/dataflow/ESTAT/namq_10_gdp/1.0/Q.CLV15_MEUR.SCA.P6.EA21?format=csvdata,2026-10-05T22:51:31+00:00,,9869,123df30576fc0c26449ed757c535a2fbdb01dea584b061955c448b51f82e0052,126
namq_10_gdp__Q_CLV15_MEUR_SCA_P7_EA21.csv,https://ec.europa.eu/eurostat/api/dissemination/sdmx/3.0/data/dataflow/ESTAT/namq_10_gdp/1.0/Q.CLV15_MEUR.SCA.P7.EA21?format=csvdata,2026-10-05T22:51:31+00:00,,9850,8e0b2f60152fec3ce4da24f1b30e28b5020c902ebaa8670d640f275194aa5343,126
namq_10_a10_e__Q_THS_PER_TOTAL_SCA_EMP_DC_EA21.csv,https://ec.europa.eu/eurostat/api/dissemination/sdmx/3.0/data/dataflow/ESTAT/namq_10_a10_e/1.0/Q.THS_PER.TOTAL.SCA.EMP_DC.EA21?format=csvdata,2026-10-05T22:51:32+00:00,,11065,c026e7710059dfb30c709475a5c0d0a60c5065bd54ddce6363d49ad1928ae4e7,126
