STRUCTURE,STRUCTURE_ID,freq,unit,nace_r2,s_adj,na_item,geo,TIME_PERIOD,OBS_VALUE,OBS_FLAG,CONF_STATUS
dataflow,ESTAT:NAMQ_10_A10_E(1.0),Q,THS_PER,TOTAL,SCA,EMP_DC,EA21,1995-Q1,135697.36,,
dataflow,ESTAT:NAMQ_10_A10_E(1.0),Q,THS_PER,TOTAL,SCA,EMP_DC,EA21,1995-Q2,135950.89,,
dataflow,ESTAT:NAMQ_10_A10_E(1.0),Q,THS_PER,TOTAL,SCA,EMP_DC,EA21,1995-Q3,136113.96,,
dataflow,ESTAT:NAMQ_10_A10_E(1.0),Q,THS_PER,TOTAL,SCA,EMP_DC,EA21,1995-Q4,136444.01,,
dataflow,ESTAT:NAMQ_10_A10_E(1.0),Q,THS_PER,TOTAL,SCA,EMP_DC,EA21,1996-Q1,136518.52,,
dataflow,ESTAT:NAMQ_10_A10_E(1.0),Q,THS_PER,TOTAL,SCA,EMP_DC,EA21,1996-Q2,136857.50,,
dataflow,ESTAT:NAMQ_10_A10_E(1.0),Q,THS_PER,TOTAL,SCA,EMP_DC,EA21,1996-Q3,137171.47,,
dataflow,ESTAT:NAMQ_10_A10_E(1.0),Q,THS_PER,TOTAL,SCA,EMP_DC,EA21,1996-Q4,137340.01,,
dataflow,ESTAT:NAMQ_10_A10_E(1.0),Q,THS_PER,TOTAL,SCA,EMP_DC,EA21,1997-Q1,137582.03,,
dataflow,ESTAT:NAMQ_10_A10_E(1.0),Q,THS_PER,TOTAL,SCA,EMP_DC,EA21,1997-Q2,137923.82,,
dataflow,ESTAT:NAMQ_10_A10_E(1.0),Q,THS_PER,TOTAL,SCA,EMP_DC,EA21,1997-Q3,138315.56,,
dataflow,ESTAT:NAMQ_10_A10_E(1.0),Q,THS_PER,TOTAL,SCA,EMP_DC,EA21,1997-Q4,138767.45,,
dataflow,ESTAT:NAMQ_10_A10_E(1.0),Q,THS_PER,TOTAL,SCA,EMP_DC,EA21,1998-Q1,139459.75,,
dataflow,ESTAT:NAMQ_10_A10_E(1.0),Q,THS_PER,TOTAL,SCA,EMP_DC,EA21,1998-Q2,140136.20,,
dataflow,ESTAT:NAMQ_10_A10_E(1.0),Q,THS_PER,TOTAL,SCA,EMP_DC,EA21,1998-Q3,140975.60,,
dataflow,ESTAT:NAMQ_10_A10_E(1.0),Q,THS_PER,TOTAL,SCA,EMP_DC,EA21,1998-Q4,141510.74,,
dataflow,ESTAT:NAMQ_10_A10_E(1.0),Q,THS_PER,TOTAL,SCA,EMP_DC,EA21,1999-Q1,142075.08,,
dataflow,ESTAT:NAMQ_10_A10_E(1.0),Q,THS_PER,TOTAL,SCA,EMP_DC,EA21,1999-Q2,142626.70,,
dataflow,ESTAT:NAMQ_10_A10_E(1.0),Q,THS_PER,TOTAL,SCA,EMP_DC,EA21,1999-Q3,143384.71,,
dataflow,ESTAT:NAMQ_10_A10_E(1.0),Q,THS_PER,TOTAL,SCA,EMP_DC,EA21,1999-Q4,143959.24,,
dataflow,ESTAT:NAMQ_10_A10_E(1.0),Q,THS_PER,TOTAL,SCA,EMP_DC,EA21,2000-Q1,144941.43,,
dataflow,ESTAT:NAMQ_10_A10_E(1.0),Q,THS_PER,TOTAL,SCA,EMP_DC,EA21,2000-Q2,145863.93,,
dataflow,ESTAT:NAMQ_10_A10_E(1.0),Q,THS_PER,TOTAL,SCA,EMP_DC,EA21,2000-Q3,146526.08,,
dataflow,ESTAT:NAMQ_10_A10_E(1.0),Q,THS_PER,TOTAL,SCA,EMP_DC,EA21,2000-Q4,147018.42,,
dataflow,ESTAT:NAMQ_10_A10_E(1.0),Q,THS_PER,TOTAL,SCA,EMP_DC,EA21,2001-Q1,147406.81,,
dataflow,ESTAT:NAMQ_10_A10_E(1.0),Q,THS_PER,TOTAL,SCA,EMP_DC,EA21,2001-Q2,147553.26,,
dataflow,ESTAT:NAMQ_10_A10_E(1.0),Q,THS_PER,TOTAL,SCA,EMP_DC,EA21,2001-Q3,147853.23,,
dataflow,ESTAT:NAMQ_10_A10_E(1.0),Q,THS_PER,TOTAL,SCA,EMP_DC,EA21,2001-Q4,148143.59,,
dataflow,ESTAT:NAMQ_10_A10_E(1.0),Q,THS_PER,TOTAL,SCA,EMP_DC,EA21,2002-Q1,148625.65,,
dataflow,ESTAT:NAMQ_10_A10_E(1.0),Q,THS_PER,TOTAL,SCA,EMP_DC,EA21,2002-Q2,148833.91,,
dataflow,ESTAT:NAMQ_10_A10_E(1.0),Q,THS_PER,TOTAL,SCA,EMP_DC,EA21,2002-Q3,149036.37,,
dataflow,ESTAT:NAMQ_10_A10_E(1.0),Q,THS_PER,TOTAL,SCA,EMP_DC,EA21,2002-Q4,149119.96,,
dataflow,ESTAT:NAMQ_10_A10_E(1.0),Q,THS_PER,TOTAL,SCA,EMP_DC,EA21,2003-Q1,149272.95,,
dataflow,ESTAT:NAMQ_10_A10_E(1.0),Q,THS_PER,TOTAL,SCA,EMP_DC,EA21,2003-Q2,149556.08,,
dataflow,ESTAT:NAMQ_10_A10_E(1.0),Q,THS_PER,TOTAL,SCA,EMP_DC,EA21,2003-Q3,149794.60,,
dataflow,ESTAT:NAMQ_10_A10_E(1.0),Q,THS_PER,TOTAL,SCA,EMP_DC,EA21,2003-Q4,150135.53,,
dataflow,ESTAT:NAMQ_10_A10_E(1.0),Q,THS_PER,TOTAL,SCA,EMP_DC,EA21,2004-Q1,150331.94,,
dataflow,ESTAT:NAMQ_10_A10_E(1.0),Q,THS_PER,TOTAL,SCA,EMP_DC,EA21,2004-Q2,150701.88,,
dataflow,ESTAT:NAMQ_10_A10_E(1.0),Q,THS_PER,TOTAL,SCA,EMP_DC,EA21,2004-Q3,151076.20,,
dataflow,ESTAT:NAMQ_10_A10_E(1.0),Q,THS_PER,TOTAL,SCA,EMP_DC,EA21,2004-Q4,151469.28,,
dataflow,ESTAT:NAMQ_10_A10_E(1.0),Q,THS_PER,TOTAL,SCA,EMP_DC,EA21,2005-Q1,151699.81,,
dataflow,ESTAT:NAMQ_10_A10_E(1.0),Q,THS_PER,TOTAL,SCA,EMP_DC,EA21,2005-Q2,152211.53,,
dataflow,ESTAT:NAMQ_10_A10_E(1.0),Q,THS_PER,TOTAL,SCA,EMP_DC,EA21,2005-Q3,152635.87,,
dataflow,ESTAT:NAMQ_10_A10_E(1.0),Q,THS_PER,TOTAL,SCA,EMP_DC,EA21,2005-Q4,153300.95,,
dataflow,ESTAT:NAMQ_10_A10_E(1.0),Q,THS_PER,TOTAL,SCA,EMP_DC,EA21,2006-Q1,154027.20,,
dataflow,ESTAT:NAMQ_10_A10_E(1.0),Q,THS_PER,TOTAL,SCA,EMP_DC,EA21,2006-Q2,154911.33,,
dataflow,ESTAT:NAMQ_10_A10_E(1.0),Q,THS_PER,TOTAL,SCA,EMP_DC,EA21,2006-Q3,155596.97,,
dataflow,ESTAT:NAMQ_10_A10_E(1.0),Q,THS_PER,TOTAL,SCA,EMP_DC,EA21,2006-Q4,156302.62,,
dataflow,ESTAT:NAMQ_10_A10_E(1.0),Q,THS_PER,TOTAL,SCA,EMP_DC,EA21,2007-Q1,157099.30,,
dataflow,ESTAT:NAMQ_10_A10_E(1.0),Q,THS_PER,TOTAL,SCA,EMP_DC,EA21,2007-Q2,157934.36,,
dataflow,ESTAT:NAMQ_10_A10_E(1.0),Q,THS_PER,TOTAL,SCA,EMP_DC,EA21,2007-Q3,158611.94,,
dataflow,ESTAT:NAMQ_10_A10_E(1.0),Q,THS_PER,TOTAL,SCA,EMP_DC,EA21,2007-Q4,159150.57,,
dataflow,ESTAT:NAMQ_10_A10_E(1.0),Q,THS_PER,TOTAL,SCA,EMP_DC,EA21,2008-Q1,159903.95,,
dataflow,ESTAT:NAMQ_10_A10_E(1.0),Q,THS_PER,TOTAL,SCA,EMP_DC,EA21,2008-Q2,159857.45,,
dataflow,ESTAT:NAMQ_10_A10_E(1.0),Q,THS_PER,TOTAL,SCA,EMP_DC,EA21,2008-Q3,159641.42,,
dataflow,ESTAT:NAMQ_10_A10_E(1.0),Q,THS_PER,TOTAL,SCA,EMP_DC,EA21,2008-Q4,159039.20,,
dataflow,ESTAT:NAMQ_10_A10_E(1.0),Q,THS_PER,TOTAL,SCA,EMP_DC,EA21,2009-Q1,157839.93,,
dataflow,ESTAT:NAMQ_10_A10_E(1.0),Q,THS_PER,TOTAL,SCA,EMP_DC,EA21,2009-Q2,156777.44,,
dataflow,ESTAT:NAMQ_10_A10_E(1.0),Q,THS_PER,TOTAL,SCA,EMP_DC,EA21,2009-Q3,156046.28,,
dataflow,ESTAT:NAMQ_10_A10_E(1.0),Q,THS_PER,TOTAL,SCA,EMP_DC,EA21,2009-Q4,155767.88,,
dataflow,ESTAT:NAMQ_10_A10_E(1.0),Q,THS_PER,TOTAL,SCA,EMP_DC,EA21,2010-Q1,155657.48,,
dataflow,ESTAT:NAMQ_10_A10_E(1.0),Q,THS_PER,TOTAL,SCA,EMP_DC,EA21,2010-Q2,155471.97,,
dataflow,ESTAT:NAMQ_10_A10_E(1.0),Q,THS_PER,TOTAL,SCA,EMP_DC,EA21,2010-Q3,155509.89,,
dataflow,ESTAT:NAMQ_10_A10_E(1.0),Q,THS_PER,TOTAL,SCA,EMP_DC,EA21,2010-Q4,155761.78,,
dataflow,ESTAT:NAMQ_10_A10_E(1.0),Q,THS_PER,TOTAL,SCA,EMP_DC,EA21,2011-Q1,155811.03,,
dataflow,ESTAT:NAMQ_10_A10_E(1.0),Q,THS_PER,TOTAL,SCA,EMP_DC,EA21,2011-Q2,155898.12,,
dataflow,ESTAT:NAMQ_10_A10_E(1.0),Q,THS_PER,TOTAL,SCA,EMP_DC,EA21,2011-Q3,155654.92,,
dataflow,ESTAT:NAMQ_10_A10_E(1.0),Q,THS_PER,TOTAL,SCA,EMP_DC,EA21,2011-Q4,155454.51,,
dataflow,ESTAT:NAMQ_10_A10_E(1.0),Q,THS_PER,TOTAL,SCA,EMP_DC,EA21,2012-Q1,155358.32,,
dataflow,ESTAT:NAMQ_10_A10_E(1.0),Q,THS_PER,TOTAL,SCA,EMP_DC,EA21,2012-Q2,155206.85,,
dataflow,ESTAT:NAMQ_10_A10_E(1.0),Q,THS_PER,TOTAL,SCA,EMP_DC,EA21,2012-Q3,154886.15,,
dataflow,ESTAT:NAMQ_10_A10_E(1.0),Q,THS_PER,TOTAL,SCA,EMP_DC,EA21,2012-Q4,154462.48,,
dataflow,ESTAT:NAMQ_10_A10_E(1.0),Q,THS_PER,TOTAL,SCA,EMP_DC,EA21,2013-Q1,154127.99,,
dataflow,ESTAT:NAMQ_10_A10_E(1.0),Q,THS_PER,TOTAL,SCA,EMP_DC,EA21,2013-Q2,154074.38,,
dataflow,ESTAT:NAMQ_10_A10_E(1.0),Q,THS_PER,TOTAL,SCA,EMP_DC,EA21,2013-Q3,154179.21,,
dataflow,ESTAT:NAMQ_10_A10_E(1.0),Q,THS_PER,TOTAL,SCA,EMP_DC,EA21,2013-Q4,154485.66,,
dataflow,ESTAT:NAMQ_10_A10_E(1.0),Q,THS_PER,TOTAL,SCA,EMP_DC,EA21,2014-Q1,154756.51,,
dataflow,ESTAT:NAMQ_10_A10_E(1.0),Q,THS_PER,TOTAL,SCA,EMP_DC,EA21,2014-Q2,155187.02,,
dataflow,ESTAT:NAMQ_10_A10_E(1.0),Q,THS_PER,TOTAL,SCA,EMP_DC,EA21,2014-Q3,155615.31,,
dataflow,ESTAT:NAMQ_10_A10_E(1.0),Q,THS_PER,TOTAL,SCA,EMP_DC,EA21,2014-Q4,155844.18,,
dataflow,ESTAT:NAMQ_10_A10_E(1.0),Q,THS_PER,TOTAL,SCA,EMP_DC,EA21,2015-Q1,156018.57,,
dataflow,ESTAT:NAMQ_10_A10_E(1.0),Q,THS_PER,TOTAL,SCA,EMP_DC,EA21,2015-Q2,156467.38,,
dataflow,ESTAT:NAMQ_10_A10_E(1.0),Q,THS_PER,TOTAL,SCA,EMP_DC,EA21,2015-Q3,157062.35,,
dataflow,ESTAT:NAMQ_10_A10_E(1.0),Q,THS_PER,TOTAL,SCA,EMP_DC,EA21,2015-Q4,157605.20,,
dataflow,ESTAT:NAMQ_10_A10_E(1.0),Q,THS_PER,TOTAL,SCA,EMP_DC,EA21,2016-Q1,158101.48,,
dataflow,ESTAT:NAMQ_10_A10_E(1.0),Q,THS_PER,TOTAL,SCA,EMP_DC,EA21,2016-Q2,158800.76,,
dataflow,ESTAT:NAMQ_10_A10_E(1.0),Q,THS_PER,TOTAL,SCA,EMP_DC,EA21,2016-Q3,159261.81,,
dataflow,ESTAT:NAMQ_10_A10_E(1.0),Q,THS_PER,TOTAL,SCA,EMP_DC,EA21,2016-Q4,159831.74,,
dataflow,ESTAT:NAMQ_10_A10_E(1.0),Q,THS_PER,TOTAL,SCA,EMP_DC,EA21,2017-Q1,160495.28,,
dataflow,ESTAT:NAMQ_10_A10_E(1.0),Q,THS_PER,TOTAL,SCA,EMP_DC,EA21,2017-Q2,161166.23,,
dataflow,ESTAT:NAMQ_10_A10_E(1.0),Q,THS_PER,TOTAL,SCA,EMP_DC,EA21,2017-Q3,161895.24,,
dataflow,ESTAT:NAMQ_10_A10_E(1.0),Q,THS_PER,TOTAL,SCA,EMP_DC,EA21,2017-Q4,162422.07,,
dataflow,ESTAT:NAMQ_10_A10_E(1.0),Q,THS_PER,TOTAL,SCA,EMP_DC,EA21,2018-Q1,163161.19,,
dataflow,ESTAT:NAMQ_10_A10_E(1.0),Q,THS_PER,TOTAL,SCA,EMP_DC,EA21,2018-Q2,163951.29,,
dataflow,ESTAT:NAMQ_10_A10_E(1.0),Q,THS_PER,TOTAL,SCA,EMP_DC,EA21,2018-Q3,164370.38,,
dataflow,ESTAT:NAMQ_10_A10_E(1.0),Q,THS_PER,TOTAL,SCA,EMP_DC,EA21,2018-Q4,164818.36,,
dataflow,ESTAT:NAMQ_10_A10_E(1.0),Q,THS_PER,TOTAL,SCA,EMP_DC,EA21,2019-Q1,165643.29,,
dataflow,ESTAT:NAMQ_10_A10_E(1.0),Q,THS_PER,TOTAL,SCA,EMP_DC,EA21,2019-Q2,166164.58,,
dataflow,ESTAT:NAMQ_10_A10_E(1.0),Q,THS_PER,TOTAL,SCA,EMP_DC,EA21,2019-Q3,166372.74,,
dataflow,ESTAT:NAMQ_10_A10_E(1.0),Q,THS_PER,TOTAL,SCA,EMP_DC,EA21,2019-Q4,166651.49,,
dataflow,ESTAT:NAMQ_10_A10_E(1.0),Q,THS_PER,TOTAL,SCA,EMP_DC,EA21,2020-Q1,166274.61,,
dataflow,ESTAT:NAMQ_10_A10_E(1.0),Q,THS_PER,TOTAL,SCA,EMP_DC,EA21,2020-Q2,161550.09,,
dataflow,ESTAT:NAMQ_10_A10_E(1.0),Q,THS_PER,TOTAL,SCA,EMP_DC,EA21,2020-Q3,163240.44,,
dataflow,ESTAT:NAMQ_10_A10_E(1.0),Q,THS_PER,TOTAL,SCA,EMP_DC,EA21,2020-Q4,164177.17,,
dataflow,ESTAT:NAMQ_10_A10_E(1.0),Q,THS_PER,TOTAL,SCA,EMP_DC,EA21,2021-Q1,164074.38,,
dataflow,ESTAT:NAMQ_10_A10_E(1.0),Q,THS_PER,TOTAL,SCA,EMP_DC,EA21,2021-Q2,165481.16,,
dataflow,ESTAT:NAMQ_10_A10_E(1.0),Q,THS_PER,TOTAL,SCA,EMP_DC,EA21,2021-Q3,167356.73,,
dataflow,ESTAT:NAMQ_10_A10_E(1.0),Q,THS_PER,TOTAL,SCA,EMP_DC,EA21,2021-Q4,168298.73,,
dataflow,ESTAT:NAMQ_10_A10_E(1.0),Q,THS_PER,TOTAL,SCA,EMP_DC,EA21,2022-Q1,169156.33,,
dataflow,ESTAT:NAMQ_10_A10_E(1.0),Q,THS_PER,TOTAL,SCA,EMP_DC,EA21,2022-Q2,170041.56,,
dataflow,ESTAT:NAMQ_10_A10_E(1.0),Q,THS_PER,TOTAL,SCA,EMP_DC,EA21,2022-Q3,170509.35,,
dataflow,ESTAT:NAMQ_10_A10_E(1.0),Q,THS_PER,TOTAL,SCA,EMP_DC,EA21,2022-Q4,171184.37,,
dataflow,ESTAT:NAMQ_10_A10_E(1.0),Q,THS_PER,TOTAL,SCA,EMP_DC,EA21,2023-Q1,172046.90,,
dataflow,ESTAT:NAMQ_10_A10_E(1.0),Q,THS_PER,TOTAL,SCA,EMP_DC,EA21,2023-Q2,172609.17,,
dataflow,ESTAT:NAMQ_10_A10_E(1.0),Q,THS_PER,TOTAL,SCA,EMP_DC,EA21,2023-Q3,172929.11,,
dataflow,ESTAT:NAMQ_10_A10_E(1.0),Q,THS_PER,TOTAL,SCA,EMP_DC,EA21,2023-Q4,173593.73,,
dataflow,ESTAT:NAMQ_10_A10_E(1.0),Q,THS_PER,TOTAL,SCA,EMP_DC,EA21,2024-Q1,173929.49,,
dataflow,ESTAT:NAMQ_10_A10_E(1.0),Q,THS_PER,TOTAL,SCA,EMP_DC,EA21,2024-Q2,174247.49,,
dataflow,ESTAT:NAMQ_10_A10_E(1.0),Q,THS_PER,TOTAL,SCA,EMP_DC,EA21,2024-Q3,174689.32,,
dataflow,ESTAT:NAMQ_10_A10_E(1.0),Q,THS_PER,TOTAL,SCA,EMP_DC,EA21,2024-Q4,174924.55,,
dataflow,ESTAT:NAMQ_10_A10_E(1.0),Q,THS_PER,TOTAL,SCA,EMP_DC,EA21,2025-Q1,175320.32,,
dataflow,ESTAT:NAMQ_10_A10_E(1.0),Q,THS_PER,TOTAL,SCA,EMP_DC,EA21,2025-Q2,175573.52,,
dataflow,ESTAT:NAMQ_10_A10_E(1.0),Q,THS_PER,TOTAL,SCA,EMP_DC,EA21,2025-Q3,175840.04,,
dataflow,ESTAT:NAMQ_10_A10_E(1.0),Q,THS_PER,TOTAL,SCA,EMP_DC,EA21,2025-Q4,176114.89,,
dataflow,ESTAT:NAMQ_10_A10_E(1.0),Q,THS_PER,TOTAL,SCA,EMP_DC,EA21,2026-Q1,176250.23,,
dataflow,ESTAT:NAMQ_10_A10_E(1.0),Q,THS_PER,TOTAL,SCA,EMP_DC,EA21,2026-Q2,176448.17,,
