STRUCTURE,STRUCTURE_ID,freq,unit,s_adj,na_item,geo,TIME_PERIOD,OBS_VALUE,OBS_FLAG,CONF_STATUS
dataflow,ESTAT:NAMQ_10_GDP(1.0),Q,CLV15_MEUR,SCA,P31_S14_S15,EA21,1995-Q1,1104525.5,e,
dataflow,ESTAT:NAMQ_10_GDP(1.0),Q,CLV15_MEUR,SCA,P31_S14_S15,EA21,1995-Q2,1115382.9,e,
dataflow,ESTAT:NAMQ_10_GDP(1.0),Q,CLV15_MEUR,SCA,P31_S14_S15,EA21,1995-Q3,1117322.2,e,
dataflow,ESTAT:NAMQ_10_GDP(1.0),Q,CLV15_MEUR,SCA,P31_S14_S15,EA21,1995-Q4,1121390.6,e,
dataflow,ESTAT:NAMQ_10_GDP(1.0),Q,CLV15_MEUR,SCA,P31_S14_S15,EA21,1996-Q1,1131547.4,,
dataflow,ESTAT:NAMQ_10_GDP(1.0),Q,CLV15_MEUR,SCA,P31_S14_S15,EA21,1996-Q2,1135201.0,,
dataflow,ESTAT:NAMQ_10_GDP(1.0),Q,CLV15_MEUR,SCA,P31_S14_S15,EA21,1996-Q3,1141707.0,,
dataflow,ESTAT:NAMQ_10_GDP(1.0),Q,CLV15_MEUR,SCA,P31_S14_S15,EA21,1996-Q4,1143766.3,,
dataflow,ESTAT:NAMQ_10_GDP(1.0),Q,CLV15_MEUR,SCA,P31_S14_S15,EA21,1997-Q1,1147481.1,,
dataflow,ESTAT:NAMQ_10_GDP(1.0),Q,CLV15_MEUR,SCA,P31_S14_S15,EA21,1997-Q2,1155384.0,,
dataflow,ESTAT:NAMQ_10_GDP(1.0),Q,CLV15_MEUR,SCA,P31_S14_S15,EA21,1997-Q3,1161862.0,,
dataflow,ESTAT:NAMQ_10_GDP(1.0),Q,CLV15_MEUR,SCA,P31_S14_S15,EA21,1997-Q4,1176081.4,,
dataflow,ESTAT:NAMQ_10_GDP(1.0),Q,CLV15_MEUR,SCA,P31_S14_S15,EA21,1998-Q1,1183136.2,,
dataflow,ESTAT:NAMQ_10_GDP(1.0),Q,CLV15_MEUR,SCA,P31_S14_S15,EA21,1998-Q2,1190061.2,,
dataflow,ESTAT:NAMQ_10_GDP(1.0),Q,CLV15_MEUR,SCA,P31_S14_S15,EA21,1998-Q3,1202140.7,,
dataflow,ESTAT:NAMQ_10_GDP(1.0),Q,CLV15_MEUR,SCA,P31_S14_S15,EA21,1998-Q4,1213648.3,,
dataflow,ESTAT:NAMQ_10_GDP(1.0),Q,CLV15_MEUR,SCA,P31_S14_S15,EA21,1999-Q1,1222575.1,,
dataflow,ESTAT:NAMQ_10_GDP(1.0),Q,CLV15_MEUR,SCA,P31_S14_S15,EA21,1999-Q2,1232764.4,,
dataflow,ESTAT:NAMQ_10_GDP(1.0),Q,CLV15_MEUR,SCA,P31_S14_S15,EA21,1999-Q3,1245748.4,,
dataflow,ESTAT:NAMQ_10_GDP(1.0),Q,CLV15_MEUR,SCA,P31_S14_S15,EA21,1999-Q4,1255752.5,,
dataflow,ESTAT:NAMQ_10_GDP(1.0),Q,CLV15_MEUR,SCA,P31_S14_S15,EA21,2000-Q1,1268336.9,,
dataflow,ESTAT:NAMQ_10_GDP(1.0),Q,CLV15_MEUR,SCA,P31_S14_S15,EA21,2000-Q2,1276816.7,,
dataflow,ESTAT:NAMQ_10_GDP(1.0),Q,CLV15_MEUR,SCA,P31_S14_S15,EA21,2000-Q3,1281807.4,,
dataflow,ESTAT:NAMQ_10_GDP(1.0),Q,CLV15_MEUR,SCA,P31_S14_S15,EA21,2000-Q4,1285506.9,,
dataflow,ESTAT:NAMQ_10_GDP(1.0),Q,CLV15_MEUR,SCA,P31_S14_S15,EA21,2001-Q1,1297529.7,,
dataflow,ESTAT:NAMQ_10_GDP(1.0),Q,CLV15_MEUR,SCA,P31_S14_S15,EA21,2001-Q2,1299069.9,,
dataflow,ESTAT:NAMQ_10_GDP(1.0),Q,CLV15_MEUR,SCA,P31_S14_S15,EA21,2001-Q3,1303863.4,,
dataflow,ESTAT:NAMQ_10_GDP(1.0),Q,CLV15_MEUR,SCA,P31_S14_S15,EA21,2001-Q4,1309304.3,,
dataflow,ESTAT:NAMQ_10_GDP(1.0),Q,CLV15_MEUR,SCA,P31_S14_S15,EA21,2002-Q1,1310385.8,,
dataflow,ESTAT:NAMQ_10_GDP(1.0),Q,CLV15_MEUR,SCA,P31_S14_S15,EA21,2002-Q2,1311018.8,,
dataflow,ESTAT:NAMQ_10_GDP(1.0),Q,CLV15_MEUR,SCA,P31_S14_S15,EA21,2002-Q3,1318056.3,,
dataflow,ESTAT:NAMQ_10_GDP(1.0),Q,CLV15_MEUR,SCA,P31_S14_S15,EA21,2002-Q4,1325720.8,,
dataflow,ESTAT:NAMQ_10_GDP(1.0),Q,CLV15_MEUR,SCA,P31_S14_S15,EA21,2003-Q1,1326369.1,,
dataflow,ESTAT:NAMQ_10_GDP(1.0),Q,CLV15_MEUR,SCA,P31_S14_S15,EA21,2003-Q2,1329112.0,,
dataflow,ESTAT:NAMQ_10_GDP(1.0),Q,CLV15_MEUR,SCA,P31_S14_S15,EA21,2003-Q3,1337206.7,,
dataflow,ESTAT:NAMQ_10_GDP(1.0),Q,CLV15_MEUR,SCA,P31_S14_S15,EA21,2003-Q4,1341884.7,,
dataflow,ESTAT:NAMQ_10_GDP(1.0),Q,CLV15_MEUR,SCA,P31_S14_S15,EA21,2004-Q1,1349027.4,,
dataflow,ESTAT:NAMQ_10_GDP(1.0),Q,CLV15_MEUR,SCA,P31_S14_S15,EA21,2004-Q2,1352044.4,,
dataflow,ESTAT:NAMQ_10_GDP(1.0),Q,CLV15_MEUR,SCA,P31_S14_S15,EA21,2004-Q3,1354062.5,,
dataflow,ESTAT:NAMQ_10_GDP(1.0),Q,CLV15_MEUR,SCA,P31_S14_S15,EA21,2004-Q4,1365469.9,,
dataflow,ESTAT:NAMQ_10_GDP(1.0),Q,CLV15_MEUR,SCA,P31_S14_S15,EA21,2005-Q1,1371159.7,,
dataflow,ESTAT:NAMQ_10_GDP(1.0),Q,CLV15_MEUR,SCA,P31_S14_S15,EA21,2005-Q2,1381126.1,,
dataflow,ESTAT:NAMQ_10_GDP(1.0),Q,CLV15_MEUR,SCA,P31_S14_S15,EA21,2005-Q3,1387861.1,,
dataflow,ESTAT:NAMQ_10_GDP(1.0),Q,CLV15_MEUR,SCA,P31_S14_S15,EA21,2005-Q4,1393121.3,,
dataflow,ESTAT:NAMQ_10_GDP(1.0),Q,CLV15_MEUR,SCA,P31_S14_S15,EA21,2006-Q1,1402472.5,,
dataflow,ESTAT:NAMQ_10_GDP(1.0),Q,CLV15_MEUR,SCA,P31_S14_S15,EA21,2006-Q2,1411548.3,,
dataflow,ESTAT:NAMQ_10_GDP(1.0),Q,CLV15_MEUR,SCA,P31_S14_S15,EA21,2006-Q3,1416260.1,,
dataflow,ESTAT:NAMQ_10_GDP(1.0),Q,CLV15_MEUR,SCA,P31_S14_S15,EA21,2006-Q4,1426332.1,,
dataflow,ESTAT:NAMQ_10_GDP(1.0),Q,CLV15_MEUR,SCA,P31_S14_S15,EA21,2007-Q1,1429522.1,,
dataflow,ESTAT:NAMQ_10_GDP(1.0),Q,CLV15_MEUR,SCA,P31_S14_S15,EA21,2007-Q2,1440832.2,,
dataflow,ESTAT:NAMQ_10_GDP(1.0),Q,CLV15_MEUR,SCA,P31_S14_S15,EA21,2007-Q3,1445228.4,,
dataflow,ESTAT:NAMQ_10_GDP(1.0),Q,CLV15_MEUR,SCA,P31_S14_S15,EA21,2007-Q4,1450038.5,,
dataflow,ESTAT:NAMQ_10_GDP(1.0),Q,CLV15_MEUR,SCA,P31_S14_S15,EA21,2008-Q1,1452910.8,,
dataflow,ESTAT:NAMQ_10_GDP(1.0),Q,CLV15_MEUR,SCA,P31_S14_S15,EA21,2008-Q2,1447476.8,,
dataflow,ESTAT:NAMQ_10_GDP(1.0),Q,CLV15_MEUR,SCA,P31_S14_S15,EA21,2008-Q3,1442020.9,,
dataflow,ESTAT:NAMQ_10_GDP(1.0),Q,CLV15_MEUR,SCA,P31_S14_S15,EA21,2008-Q4,1432637.3,,
dataflow,ESTAT:NAMQ_10_GDP(1.0),Q,CLV15_MEUR,SCA,P31_S14_S15,EA21,2009-Q1,1427433.6,,
dataflow,ESTAT:NAMQ_10_GDP(1.0),Q,CLV15_MEUR,SCA,P31_S14_S15,EA21,2009-Q2,1428229.6,,
dataflow,ESTAT:NAMQ_10_GDP(1.0),Q,CLV15_MEUR,SCA,P31_S14_S15,EA21,2009-Q3,1430336.6,,
dataflow,ESTAT:NAMQ_10_GDP(1.0),Q,CLV15_MEUR,SCA,P31_S14_S15,EA21,2009-Q4,1433537.4,,
dataflow,ESTAT:NAMQ_10_GDP(1.0),Q,CLV15_MEUR,SCA,P31_S14_S15,EA21,2010-Q1,1434472.9,,
dataflow,ESTAT:NAMQ_10_GDP(1.0),Q,CLV15_MEUR,SCA,P31_S14_S15,EA21,2010-Q2,1439011.9,,
dataflow,ESTAT:NAMQ_10_GDP(1.0),Q,CLV15_MEUR,SCA,P31_S14_S15,EA21,2010-Q3,1443667.0,,
dataflow,ESTAT:NAMQ_10_GDP(1.0),Q,CLV15_MEUR,SCA,P31_S14_S15,EA21,2010-Q4,1450020.7,,
dataflow,ESTAT:NAMQ_10_GDP(1.0),Q,CLV15_MEUR,SCA,P31_S14_S15,EA21,2011-Q1,1447657.6,,
dataflow,ESTAT:NAMQ_10_GDP(1.0),Q,CLV15_MEUR,SCA,P31_S14_S15,EA21,2011-Q2,1443628.7,,
dataflow,ESTAT:NAMQ_10_GDP(1.0),Q,CLV15_MEUR,SCA,P31_S14_S15,EA21,2011-Q3,1442723.8,,
dataflow,ESTAT:NAMQ_10_GDP(1.0),Q,CLV15_MEUR,SCA,P31_S14_S15,EA21,2011-Q4,1436840.1,,
dataflow,ESTAT:NAMQ_10_GDP(1.0),Q,CLV15_MEUR,SCA,P31_S14_S15,EA21,2012-Q1,1436082.8,,
dataflow,ESTAT:NAMQ_10_GDP(1.0),Q,CLV15_MEUR,SCA,P31_S14_S15,EA21,2012-Q2,1428851.5,,
dataflow,ESTAT:NAMQ_10_GDP(1.0),Q,CLV15_MEUR,SCA,P31_S14_S15,EA21,2012-Q3,1426231.9,,
dataflow,ESTAT:NAMQ_10_GDP(1.0),Q,CLV15_MEUR,SCA,P31_S14_S15,EA21,2012-Q4,1419301.7,,
dataflow,ESTAT:NAMQ_10_GDP(1.0),Q,CLV15_MEUR,SCA,P31_S14_S15,EA21,2013-Q1,1412658.6,,
dataflow,ESTAT:NAMQ_10_GDP(1.0),Q,CLV15_MEUR,SCA,P31_S14_S15,EA21,2013-Q2,1417778.8,,
dataflow,ESTAT:NAMQ_10_GDP(1.0),Q,CLV15_MEUR,SCA,P31_S14_S15,EA21,2013-Q3,1421480.9,,
dataflow,ESTAT:NAMQ_10_GDP(1.0),Q,CLV15_MEUR,SCA,P31_S14_S15,EA21,2013-Q4,1423173.0,,
dataflow,ESTAT:NAMQ_10_GDP(1.0),Q,CLV15_MEUR,SCA,P31_S14_S15,EA21,2014-Q1,1422680.7,,
dataflow,ESTAT:NAMQ_10_GDP(1.0),Q,CLV15_MEUR,SCA,P31_S14_S15,EA21,2014-Q2,1428679.7,,
dataflow,ESTAT:NAMQ_10_GDP(1.0),Q,CLV15_MEUR,SCA,P31_S14_S15,EA21,2014-Q3,1436015.8,,
dataflow,ESTAT:NAMQ_10_GDP(1.0),Q,CLV15_MEUR,SCA,P31_S14_S15,EA21,2014-Q4,1443899.7,,
dataflow,ESTAT:NAMQ_10_GDP(1.0),Q,CLV15_MEUR,SCA,P31_S14_S15,EA21,2015-Q1,1451471.6,,
dataflow,ESTAT:NAMQ_10_GDP(1.0),Q,CLV15_MEUR,SCA,P31_S14_S15,EA21,2015-Q2,1459802.2,,
dataflow,ESTAT:NAMQ_10_GDP(1.0),Q,CLV15_MEUR,SCA,P31_S14_S15,EA21,2015-Q3,1466019.6,,
dataflow,ESTAT:NAMQ_10_GDP(1.0),Q,CLV15_MEUR,SCA,P31_S14_S15,EA21,2015-Q4,1471315.6,,
dataflow,ESTAT:NAMQ_10_GDP(1.0),Q,CLV15_MEUR,SCA,P31_S14_S15,EA21,2016-Q1,1480771.4,,
dataflow,ESTAT:NAMQ_10_GDP(1.0),Q,CLV15_MEUR,SCA,P31_S14_S15,EA21,2016-Q2,1483620.3,,
dataflow,ESTAT:NAMQ_10_GDP(1.0),Q,CLV15_MEUR,SCA,P31_S14_S15,EA21,2016-Q3,1490416.4,,
dataflow,ESTAT:NAMQ_10_GDP(1.0),Q,CLV15_MEUR,SCA,P31_S14_S15,EA21,2016-Q4,1501137.5,,
dataflow,ESTAT:NAMQ_10_GDP(1.0),Q,CLV15_MEUR,SCA,P31_S14_S15,EA21,2017-Q1,1508029.5,,
dataflow,ESTAT:NAMQ_10_GDP(1.0),Q,CLV15_MEUR,SCA,P31_S14_S15,EA21,2017-Q2,1515917.6,,
dataflow,ESTAT:NAMQ_10_GDP(1.0),Q,CLV15_MEUR,SCA,P31_S14_S15,EA21,2017-Q3,1522424.3,,
dataflow,ESTAT:NAMQ_10_GDP(1.0),Q,CLV15_MEUR,SCA,P31_S14_S15,EA21,2017-Q4,1529056.8,,
dataflow,ESTAT:NAMQ_10_GDP(1.0),Q,CLV15_MEUR,SCA,P31_S14_S15,EA21,2018-Q1,1535819.4,,
dataflow,ESTAT:NAMQ_10_GDP(1.0),Q,CLV15_MEUR,SCA,P31_S14_S15,EA21,2018-Q2,1541447.8,,
dataflow,ESTAT:NAMQ_10_GDP(1.0),Q,CLV15_MEUR,SCA,P31_S14_S15,EA21,2018-Q3,1542546.3,,
dataflow,ESTAT:NAMQ_10_GDP(1.0),Q,CLV15_MEUR,SCA,P31_S14_S15,EA21,2018-Q4,1549249.4,,
dataflow,ESTAT:NAMQ_10_GDP(1.0),Q,CLV15_MEUR,SCA,P31_S14_S15,EA21,2019-Q1,1556933.3,,
dataflow,ESTAT:NAMQ_10_GDP(1.0),Q,CLV15_MEUR,SCA,P31_S14_S15,EA21,2019-Q2,1561770.2,,
dataflow,ESTAT:NAMQ_10_GDP(1.0),Q,CLV15_MEUR,SCA,P31_S14_S15,EA21,2019-Q3,1570259.2,,
dataflow,ESTAT:NAMQ_10_GDP(1.0),Q,CLV15_MEUR,SCA,P31_S14_S15,EA21,2019-Q4,1569896.4,,
dataflow,ESTAT:NAMQ_10_GDP(1.0),Q,CLV15_MEUR,SCA,P31_S14_S15,EA21,2020-Q1,1496108.2,,
dataflow,ESTAT:NAMQ_10_GDP(1.0),Q,CLV15_MEUR,SCA,P31_S14_S15,EA21,2020-Q2,1319838.6,,
dataflow,ESTAT:NAMQ_10_GDP(1.0),Q,CLV15_MEUR,SCA,P31_S14_S15,EA21,2020-Q3,1497267.6,,
dataflow,ESTAT:NAMQ_10_GDP(1.0),Q,CLV15_MEUR,SCA,P31_S14_S15,EA21,2020-Q4,1460692.5,,
dataflow,ESTAT:NAMQ_10_GDP(1.0),Q,CLV15_MEUR,SCA,P31_S14_S15,EA21,2021-Q1,1440591.7,,
dataflow,ESTAT:NAMQ_10_GDP(1.0),Q,CLV15_MEUR,SCA,P31_S14_S15,EA21,2021-Q2,1494501.5,,
dataflow,ESTAT:NAMQ_10_GDP(1.0),Q,CLV15_MEUR,SCA,P31_S14_S15,EA21,2021-Q3,1551913.1,,
dataflow,ESTAT:NAMQ_10_GDP(1.0),Q,CLV15_MEUR,SCA,P31_S14_S15,EA21,2021-Q4,1557563.0,,
dataflow,ESTAT:NAMQ_10_GDP(1.0),Q,CLV15_MEUR,SCA,P31_S14_S15,EA21,2022-Q1,1575083.4,,
dataflow,ESTAT:NAMQ_10_GDP(1.0),Q,CLV15_MEUR,SCA,P31_S14_S15,EA21,2022-Q2,1594403.0,,
dataflow,ESTAT:NAMQ_10_GDP(1.0),Q,CLV15_MEUR,SCA,P31_S14_S15,EA21,2022-Q3,1604067.5,,
dataflow,ESTAT:NAMQ_10_GDP(1.0),Q,CLV15_MEUR,SCA,P31_S14_S15,EA21,2022-Q4,1588691.8,,
dataflow,ESTAT:NAMQ_10_GDP(1.0),Q,CLV15_MEUR,SCA,P31_S14_S15,EA21,2023-Q1,1598137.9,,
dataflow,ESTAT:NAMQ_10_GDP(1.0),Q,CLV15_MEUR,SCA,P31_S14_S15,EA21,2023-Q2,1603719.4,,
dataflow,ESTAT:NAMQ_10_GDP(1.0),Q,CLV15_MEUR,SCA,P31_S14_S15,EA21,2023-Q3,1602404.9,,
dataflow,ESTAT:NAMQ_10_GDP(1.0),Q,CLV15_MEUR,SCA,P31_S14_S15,EA21,2023-Q4,1603856.0,,
dataflow,ESTAT:NAMQ_10_GDP(1.0),Q,CLV15_MEUR,SCA,P31_S14_S15,EA21,2024-Q1,1616883.4,,
dataflow,ESTAT:NAMQ_10_GDP(1.0),Q,CLV15_MEUR,SCA,P31_S14_S15,EA21,2024-Q2,1620497.4,,
dataflow,ESTAT:NAMQ_10_GDP(1.0),Q,CLV15_MEUR,SCA,P31_S14_S15,EA21,2024-Q3,1629955.0,,
dataflow,ESTAT:NAMQ_10_GDP(1.0),Q,CLV15_MEUR,SCA,P31_S14_S15,EA21,2024-Q4,1639309.7,,
dataflow,ESTAT:NAMQ_10_GDP(1.0),Q,CLV15_MEUR,SCA,P31_S14_S15,EA21,2025-Q1,1644336.4,,
dataflow,ESTAT:NAMQ_10_GDP(1.0),Q,CLV15_MEUR,SCA,P31_S14_S15,EA21,2025-Q2,1647118.7,,
dataflow,ESTAT:NAMQ_10_GDP(1.0),Q,CLV15_MEUR,SCA,P31_S14_S15,EA21,2025-Q3,1650589.1,,
dataflow,ESTAT:NAMQ_10_GDP(1.0),Q,CLV15_MEUR,SCA,P31_S14_S15,EA21,2025-Q4,1659496.2,,
dataflow,ESTAT:NAMQ_10_GDP(1.0),Q,CLV15_MEUR,SCA,P31_S14_S15,EA21,2026-Q1,1660528.9,,
dataflow,ESTAT:NAMQ_10_GDP(1.0),Q,CLV15_MEUR,SCA,P31_S14_S15,EA21,2026-Q2,1667097.5,,
