KEY,FREQ,RT_ECON_CONCEPT,RT_DENOM,ADJUSTMENT,TITLE,TITLE_COMPL,UNIT,UNIT_MULT,DOM_SER_IDS,OLD_FILE_BLOCK,OLD_FILE_COLUMN
RTD.A.S0.N.F_CEC_CGG_D0.F,A,F_CEC_CGG_D0,F,N,Government collective consumption (as % of GDP),"Euro area (moving concept in the Real Time database context) - Collective consumption expenditure (P32, ESA 95) - All sectors/ unspecified/ not applicable (ESA95)-NCBs - General government (ESA95)-NCBs - Non-financial flows current prices - Percentage",XDC_R_B1GQ,0,GFS.A.N.I9.W0.S13.S1.N.D.P32._Z._Z._T.XDC_R_B1GQ._Z.S.V.N._T,annual,N
RTD.A.S0.N.F_CEF_CGG_D0.F,A,F_CEF_CGG_D0,F,N,Government final consumption (as % of GDP),Euro area (moving concept in the Real Time database context) - Final consumption expenditure (P.3) - All sectors/ unspecified/ not applicable (ESA95)-NCBs - General government (ESA95)-NCBs - Non-financial flows current prices - Percentage,XDC_R_B1GQ,0,GFS.A.N.I9.W0.S13.S1.N.D.P3._Z._Z._T.XDC_R_B1GQ._Z.S.V.N._T,annual,H
RTD.A.S0.N.F_CEI_CGG_D0.F,A,F_CEI_CGG_D0,F,N,Government individual consumption (as % of GDP),"Euro area (moving concept in the Real Time database context) - Individual consumption expenditure (P31, ESA 95) - All sectors/ unspecified/ not applicable (ESA95)-NCBs - General government (ESA95)-NCBs - Non-financial flows current prices - Percentage",XDC_R_B1GQ,0,GFS.A.N.I9.W0.S13.S1.N.D.P31._Z._Z._T.XDC_R_B1GQ._Z.S.V.N._T,annual,O
RTD.A.S0.N.F_CFC_CGG_D0.F,A,F_CFC_CGG_D0,F,N,Government fixed capital consumption (as % of GDP),Euro area (moving concept in the Real Time database context) - Consumption of fixed capital - All sectors/ unspecified/ not applicable (ESA95)-NCBs - General government (ESA95)-NCBs - Non-financial flows current prices - Percentage,XDC_R_B1GQ,0,GFS.A.N.I9.W0.S13.S1.N.D.P51C._Z._Z._T.XDC_R_B1GQ._Z.S.V.N._T,annual,L
RTD.A.S0.N.F_COE_CGG_D0.F,A,F_COE_CGG_D0,F,N,"Government expenditure related to compensation of employees, percent of GDP",Euro area (moving concept in the Real Time database context) - Compensation of employees (D.1) - All sectors/ unspecified/ not applicable (ESA2010)-NCBs - General government (ESA2010)-NCBs - Non-financial flows current prices - Percentage,XDC_R_B1GQ,0,GFS.A.N.I10.W0.S13.S1.N.D.D1._Z._Z._T.XDC_R_B1GQ._Z.S.V.N._T,annual,I
RTD.A.S0.N.F_DEF_CLG_D0.F,A,F_DEF_CLG_D0,F,N,"Local government deficit(-) or surplus(+), percent of GDP",Euro area (moving concept in the Real Time database context) - Deficit or surplus - All sectors/ unspecified/ not applicable (ESA2010)-NCBs - Local government (ESA2010)-NCBs - Non-financial flows current prices - Percentage,XDC_R_B1GQ,0,GFS.A.N.I10.W0.S1313.S1._Z.B.B9._Z._Z._Z.XDC_R_B1GQ._Z.S.V.N._T,annual,E
RTD.A.S0.N.F_DEF_CSF_D0.F,A,F_DEF_CSF_D0,F,N,"Social security funds deficit(-) or surplus(+), percent of GDP",Euro area (moving concept in the Real Time database context) - Deficit or surplus - All sectors/ unspecified/ not applicable (ESA2010)-NCBs - Social security funds (ESA2010)-NCBs - Non-financial flows current prices - Percentage,XDC_R_B1GQ,0,GFS.A.N.I10.W0.S1314.S1._Z.B.B9._Z._Z._Z.XDC_R_B1GQ._Z.S.V.N._T,annual,F
RTD.A.S0.N.F_DEF_CSG_D0.F,A,F_DEF_CSG_D0,F,N,"State government deficit(-) or surplus(+), percent of GDP",Euro area (moving concept in the Real Time database context) - Deficit or surplus - All sectors/ unspecified/ not applicable (ESA2010)-NCBs - State government (ESA2010)-NCBs - Non-financial flows current prices - Percentage,XDC_R_B1GQ,0,GFS.A.N.I10.W0.S1312.S1._Z.B.B9._Z._Z._Z.XDC_R_B1GQ._Z.S.V.N._T,annual,D
RTD.A.S0.N.F_INC_CGG_D0.F,A,F_INC_CGG_D0,F,N,"Government intermediate consumption, percent of GDP",Euro area (moving concept in the Real Time database context) - Intermediate consumption (P.2) - All sectors/ unspecified/ not applicable (ESA2010)-NCBs - General government (ESA2010)-NCBs - Non-financial flows current prices - Percentage,XDC_R_B1GQ,0,GFS.A.N.I10.W0.S13.S1.N.D.P2._Z._Z._T.XDC_R_B1GQ._Z.S.V.N._T,annual,J
RTD.A.S0.N.F_SAL_C0_DGG.F,A,F_SAL_C0_DGG,F,N,Government revenue from sales (as % of GDP),Euro area (moving concept in the Real Time database context) - Sales - General government (ESA95)-NCBs - All sectors/ unspecified/ not applicable (ESA95)-NCBs - Non-financial flows current prices - Percentage,XDC_R_B1GQ,0,GFS.A.N.I9.W0.S13.S1.N.C.P1O._Z._Z._Z.XDC_R_B1GQ._Z.S.V.N._T,annual,M
RTD.A.S0.N.F_STM_CGG_DH.F,A,F_STM_CGG_DH,F,N,Government expenditure related to social transfers in kind - purchased market production (as % of GDP),Euro area (moving concept in the Real Time database context) - Social transfers in kind via non-government producers - Households (ESA95)-NCBs - General government (ESA95)-NCBs - Non-financial flows current prices - Percentage,XDC_R_B1GQ,0,GFS.A.N.I9.W0.S13.S14.N.D.D632._Z._Z._T.XDC_R_B1GQ._Z.S.V.N._T,annual,K
RTD.A.S0.N.F_UMD_CCG_D0.F,A,F_UMD_CCG_D0,F,N,"Central government deficit(-) or surplus(+), percent of GDP",Euro area (moving concept in the Real Time database context) - Deficit/surplus without UMTS proceeds - All sectors/ unspecified/ not applicable (ESA2010)-NCBs - Central government (ESA2010)-NCBs - Non-financial flows current prices - Percentage,XDC_R_B1GQ,0,GFS.A.N.I10.W0.S1311.S1._Z.B.B9._Z._Z._Z.XDC_R_B1GQ._Z.S.V.N._T,annual,C
RTD.A.S0.N.F_UMD_CGG_D0.F,A,F_UMD_CGG_D0,F,N,"Government deficit(-) or surplus(+), percent of GDP",Euro area (moving concept in the Real Time database context) - Deficit/surplus without UMTS proceeds - All sectors/ unspecified/ not applicable (ESA2010)-NCBs - General government (ESA2010)-NCBs - Non-financial flows current prices - Percentage,XDC_R_B1GQ,0,GFS.A.N.I10.W0.S13.S1._Z.B.B9._Z._Z._Z.XDC_R_B1GQ._Z.S.V.N._T,annual,B
RTD.A.S0.N.F_UMS_CGG_D0.F,A,F_UMS_CGG_D0,F,N,"Government primary deficit(-) or surplus(+), percent of GDP",Euro area (moving concept in the Real Time database context) - Primary deficit/surplus without UMTS proceeds - All sectors/ unspecified/ not applicable (ESA2010)-NCBs - General government (ESA2010)-NCBs - Non-financial flows current prices - Percentage,XDC_R_B1GQ,0,GFS.A.N.I10.W0.S13.S1._Z.B.B9P._Z._Z._Z.XDC_R_B1GQ._Z.S.V.N._T,annual,G
RTD.M.JP.N.I_MANUF.X,M,I_MANUF,X,N,"INDUST.PROD., MANUFACTURING NSA","Japan - Industrial Production Index, Manufacturing - Index",IX,0,BISM.M.SBNA.JP.01,monthly,EJ
RTD.M.JP.N.P_C_OV.X,M,P_C_OV,X,N,"CONSUMER PRICES, ALL ITEMS (WHOLE COUNTRY), NSA","Japan - HICP - Overall index - IndexJapan - CONSUMER PRICES, ALL ITEMS (WHOLE COUNTRY), NSA",IX,0,BISM.M.VEBA.JP.01,monthly,EH
RTD.M.JP.Y.L_UNETO.F,M,L_UNETO,F,Y,Unemployment rate,"Japan - Standardised unemployment, Total (all ages), Total (male and female) - Percentage",PT,0,STS.M.JP.S.UNEH.RTT000.4.000,monthly,EK
RTD.M.JP.Y.M_M2.J,M,M_M2,J,Y,"MONEY STOCK M2, M-AV SA",Japan - Money stock M2 - Japanese Yen,JPY,9,BISM.M.ABUB.JP.02,monthly,EL
RTD.M.S0.N.C_DJE50.X,M,C_DJE50,X,N,"EURO STOXX 50 Equity Index - Historical close, average of observations through period",Euro area (moving concept in the Real Time database context) - Equity index - Dow Jones Eurostoxx 50 index - Index,POINTS,0,FM.M.U2.EUR.DS.EI.DJES50I.HSTA,monthly,DQ
RTD.M.S0.N.C_DJEBM.X,M,C_DJEBM,X,N,"EURO STOXX BASIC MATERIALS EURO Equity Index - Historical close, average of observations through period","Euro area (moving concept in the Real Time database context) - Equity index - Dow Jones, Euro Stoxx, Economic sector index basic materials - Index",POINTS,0,FM.M.U2.EUR.DS.EI.S1ESBME.HSTA,monthly,DR
RTD.M.S0.N.C_DJECG.X,M,C_DJECG,X,N,"EURO STOXX Consumer staples - Historical close, average of observations through period","Euro area (moving concept in the Real Time database context) - Equity index - Dow Jones, Euro Stoxx, Economic sector index cyclical goods - Index",POINTS,0,FM.M.U2.EUR.DS.EI.S1ESCGE.HSTA,monthly,DS
RTD.M.S0.N.C_DJEEN.X,M,C_DJEEN,X,N,"EURO STOXX ENERGY EURO Equity Index - Historical close, average of observations through period","Euro area (moving concept in the Real Time database context) - Equity index - Dow Jones, Euro Stoxx, Economic sector index energy - Index",POINTS,0,FM.M.U2.EUR.DS.EI.S1ESO1E.HSTA,monthly,DU
RTD.M.S0.N.C_DJEFI.X,M,C_DJEFI,X,N,"EURO STOXX FINANCIALS EURO Equity Index - Historical close, average of observations through period","Euro area (moving concept in the Real Time database context) - Equity index - Dow Jones, Euro Stoxx, Economic sector index financial - Index",POINTS,0,FM.M.U2.EUR.DS.EI.S1ESFNE.HSTA,monthly,DV
RTD.M.S0.N.C_DJEHC.X,M,C_DJEHC,X,N,"EURO STOXX HEALTH CARE E Equity Index - Historical close, average of observations through period","Euro area (moving concept in the Real Time database context) - Equity index - Dow Jones, Euro Stoxx, Economic sector index healthcare - Index",POINTS,0,FM.M.U2.EUR.DS.EI.S1ESH1E.HSTA,monthly,EA
RTD.M.S0.N.C_DJEIG.X,M,C_DJEIG,X,N,"EURO STOXX INDUSTRIALS E Equity Index - Historical close, average of observations through period","Euro area (moving concept in the Real Time database context) - Equity index - Dow Jones, Euro Stoxx, Economic sector index industrial goods - Index",POINTS,0,FM.M.U2.EUR.DS.EI.S1ESIDE.HSTA,monthly,DW
RTD.M.S0.N.C_DJENG.X,M,C_DJENG,X,N,"EURO STOXX Consumer discretionary - Historical close, average of observations through period","Euro area (moving concept in the Real Time database context) - Equity index - Dow Jones, Euro Stoxx, Economic sector index non-cyclical goods - Index",POINTS,0,FM.M.U2.EUR.DS.EI.S1ESCSE.HSTA,monthly,DT
RTD.M.S0.N.C_DJESB.X,M,C_DJESB,X,N,"EURO STOXX Equity Index - Historical close, average of observations through period",Euro area (moving concept in the Real Time database context) - Equity index - Dow Jones Euro Stoxx broad stock exchange index - Index,POINTS,0,FM.M.U2.EUR.DS.EI.DJEURST.HSTA,monthly,DP
RTD.M.S0.N.C_DJETC.X,M,C_DJETC,X,N,"EURO STOXX TELECOM E Equity Index - Historical close, average of observations through period","Euro area (moving concept in the Real Time database context) - Equity index - Dow Jones, Euro Stoxx, Economic sector index telecommunications - Index",POINTS,0,FM.M.U2.EUR.DS.EI.S1EST1E.HSTA,monthly,DZ
RTD.M.S0.N.C_DJETE.X,M,C_DJETE,X,N,"EURO STOXX TECHNOLOGY E Equity Index - Historical close, average of observations through period","Euro area (moving concept in the Real Time database context) - Equity index - Dow Jones, Euro Stoxx, Economic sector index technology - Index",POINTS,0,FM.M.U2.EUR.DS.EI.S1ESG1E.HSTA,monthly,DX
RTD.M.S0.N.C_DJEUT.X,M,C_DJEUT,X,N,"EURO STOXX UTILITIES EURO Equity Index - Historical close, average of observations through period","Euro area (moving concept in the Real Time database context) - Equity index - Dow Jones, Euro Stoxx, Economic sector index utilities - Index",POINTS,0,FM.M.U2.EUR.DS.EI.S1ESU1E.HSTA,monthly,DY
RTD.M.S0.N.C_EONIA.E,M,C_EONIA,E,N,"Eonia rate - Historical close, average of observations through period",Euro area (moving concept in the Real Time database context) - Rate - Eonia rate - Euro,PCPA,0,FM.M.U2.EUR.4F.MM.EONIA.HSTA,monthly,DB
RTD.M.S0.N.C_EUR1M.E,M,C_EUR1M,E,N,"Euribor 1-month - Historical close, average of observations through period",Euro area (moving concept in the Real Time database context) - Rate - 1-month Euribor (Euro interbank offered rate) - Euro,PCPA,0,FM.M.U2.EUR.RT.MM.EURIBOR1MD_.HSTA,monthly,DC
RTD.M.S0.N.C_EUR1Y.E,M,C_EUR1Y,E,N,"Euribor 1-year - Historical close, average of observations through period",Euro area (moving concept in the Real Time database context) - Rate - 1-year Euribor (Euro interbank offered rate) - Euro,PCPA,0,FM.M.U2.EUR.RT.MM.EURIBOR1YD_.HSTA,monthly,DF
RTD.M.S0.N.C_EUR3M.E,M,C_EUR3M,E,N,"Euribor 3-month - Historical close, average of observations through period",Euro area (moving concept in the Real Time database context) - Rate - 3-month Euribor (Euro interbank offered rate) - Euro,PCPA,0,FM.M.U2.EUR.RT.MM.EURIBOR3MD_.HSTA,monthly,DD
RTD.M.S0.N.C_EUR6M.E,M,C_EUR6M,E,N,"Euribor 6-month - Historical close, average of observations through period",Euro area (moving concept in the Real Time database context) - Rate - 6-month Euribor (Euro interbank offered rate) - Euro,PCPA,0,FM.M.U2.EUR.RT.MM.EURIBOR6MD_.HSTA,monthly,DE
RTD.M.S0.N.C_JPL3M.J,M,C_JPL3M,J,N,"Japanese Yen 3-month British Bankers` Association (BBA) Libor - Historical close, average of observations through period",Euro area (moving concept in the Real Time database context) - Rate - 3-month Libor interbank Japanese yen deposit rate - Japanese Yen,PCPA,0,FM.M.GB.JPY.RT.MM.JPY3MFSR_.HSTA,monthly,DH
RTD.M.S0.N.C_NIKKE.X,M,C_NIKKE,X,N,"NIKKEI 225 STOCK AVERAGE Equity Index - Historical close, average of observations through period",Euro area (moving concept in the Real Time database context) - Equity index - Nikkei 225 - Index,POINTS,0,FM.M.JP.JPY.DS.EI.JAPDOWA.HSTA,monthly,EC
RTD.M.S0.N.C_SP500.X,M,C_SP500,X,N,"S&P 500 COMPOSITE Equity Index - Historical close, average of observations through period",Euro area (moving concept in the Real Time database context) - Equity index - Standard and Poor 500 - Index,POINTS,0,FM.M.US.USD.DS.EI.S_PCOMP.HSTA,monthly,EB
RTD.M.S0.N.C_U202Y.E,M,C_U202Y,E,N,Euro Area 2 Years Government Benchmark Bond - Yield,Euro area (moving concept in the Real Time database context) - Rate - 2-year Euro area government benchmark bond yield - Euro,PCPA,0,FM.M.U2.EUR.4F.BB.U2_2Y.YLD,,
RTD.M.S0.N.C_U203Y.E,M,C_U203Y,E,N,Euro Area 3 Years Government Benchmark Bond - Yield,Euro area (moving concept in the Real Time database context) - Rate - 3-year Euro area government benchmark bond yield - Euro,PCPA,0,FM.M.U2.EUR.4F.BB.U2_3Y.YLD,,
RTD.M.S0.N.C_U205Y.E,M,C_U205Y,E,N,Euro Area 5 Years Government Benchmark Bond - Yield,Euro area (moving concept in the Real Time database context) - Rate - 5-year Euro area government benchmark bond yield - Euro,PCPA,0,FM.M.U2.EUR.4F.BB.U2_5Y.YLD,,
RTD.M.S0.N.C_U207Y.E,M,C_U207Y,E,N,Euro Area 7 Years Government Benchmark Bond - Yield,Euro area (moving concept in the Real Time database context) - Rate - 7-year Euro area government benchmark bond yield - Euro,PCPA,0,FM.M.U2.EUR.4F.BB.U2_7Y.YLD,,
RTD.M.S0.N.C_U210Y.E,M,C_U210Y,E,N,Euro Area 10 Years Government Benchmark Bond - Yield,Euro area (moving concept in the Real Time database context) - Rate - 10-year Euro area government benchmark bond yield - Euro,PCPA,0,FM.M.U2.EUR.4F.BB.U2_10Y.YLD,,
RTD.M.S0.N.C_USL3M.U,M,C_USL3M,U,N,"US Dollar 3-month British Bankers` Association (BBA) Libor - Historical close, average of observations through period",Euro area (moving concept in the Real Time database context) - Rate - 3-month Libor interbank US dolar deposit rate - US dollar,PCPA,0,FM.M.GB.USD.RT.MM.USD3MFSR_.HSTA,monthly,DG
RTD.M.S0.N.E_EN00_BGR.X,M,E_EN00_BGR,X,N,"Euro nominal effective exchange rate against broad group of trading partners (EER-40), nominal","Euro area (moving concept in the Real Time database context) - Exchange rate, ECB nominal effective exchange rate, broad group of currencies against euro - Index",POINTS,0,EXR.M.E03.EUR.EN00.A,monthly,BM
RTD.M.S0.N.E_EN00_NGR.X,M,E_EN00_NGR,X,N,"Euro nominal effective exchange rate against extended group of trading partners (EER-17), nominal","Euro area (moving concept in the Real Time database context) - Exchange rate, ECB nominal effective exchange rate, narrow group of currencies against euro - Index",POINTS,0,EXR.M.E02.EUR.EN00.A,monthly,BJ
RTD.M.S0.N.E_ERC0_BGR.X,M,E_ERC0_BGR,X,N,"Euro real effective exchange rate against broad group of trading partners (EER-40), consumer prices indices deflated","Euro area (moving concept in the Real Time database context) - Exchange rate, ECB real effective exchange rate CPI deflated, broad group of currencies against euro - Index",POINTS,0,EXR.M.E03.EUR.ERC0.A,monthly,BN
RTD.M.S0.N.E_ERC0_NGR.X,M,E_ERC0_NGR,X,N,"Euro real effective exchange rate against extended group of trading partners (EER-17), consumer prices indices deflated","Euro area (moving concept in the Real Time database context) - Exchange rate, ECB real effective exchange rate CPI deflated, narrow group of currencies against euro - Index",POINTS,0,EXR.M.E02.EUR.ERC0.A,monthly,BK
RTD.M.S0.N.E_ERP0_NGR.X,M,E_ERP0_NGR,X,N,"Euro real effective exchange rate against extended group of trading partners (EER-17), producer prices indices deflated","Euro area (moving concept in the Real Time database context) - Exchange rate, ECB real effective exchange rate producer prices deflated, narrow group of currencies against euro - Index",POINTS,0,EXR.M.E02.EUR.ERP0.A,monthly,BL
RTD.M.S0.N.M_LOANSEC_U_NG.E,M,M_LOANSEC_U_NG,E,N,"Claims on euro area non-MFIs excluding general government reported by MFIs, Stocks","Euro area (moving concept in the Real Time database context) - Loans and securities (credit), total maturity, all currencies combined - Monetary and Financial Institutions (MFIs) reporting sector - Euro area counterpart, Non-MFIs excluding general government sector - outstanding amounts at the end of the period (stoc - Euro",EUR,6,BSI.M.U2.Y.U.AT2.A.1.U2.2200.Z01.E,monthly,FF
RTD.M.S0.N.M_LOAN_U_NG.E,M,M_LOAN_U_NG,E,N,"Loans (excluding reverse repos with CCPs) to euro area non-MFIs excluding general government granted by MFIs, Stocks","Euro area (moving concept in the Real Time database context) - Loans, total maturity, all currencies combined - Monetary and Financial Institutions (MFIs) reporting sector - Euro area counterpart, Non-MFIs excluding general government sector - outstanding amounts at the end of the period (stocks) - Euro",EUR,6,BSI.M.U2.Y.U.A20A.A.1.U2.2200.Z01.E,monthly,FE
RTD.M.S0.N.M_M1_V_NC.E,M,M_M1_V_NC,E,N,"Monetary aggregate M1, Stocks","Euro area (moving concept in the Real Time database context) - Monetary aggregate M1, all currencies combined - MFIs, central government and post office giro institutions reporting sector - Euro area counterpart, Non-MFIs excluding central government sector - outstanding amounts at the end of the period (stocks) - Euro",EUR,6,BSI.M.U2.Y.V.M10.X.1.U2.2300.Z01.E,monthly,FA
RTD.M.S0.N.M_M2_V_NC.E,M,M_M2_V_NC,E,N,"Monetary aggregate M2, Stocks","Euro area (moving concept in the Real Time database context) - Monetary aggregate M2, all currencies combined - MFIs, central government and post office giro institutions reporting sector - Euro area counterpart, Non-MFIs excluding central government sector - outstanding amounts at the end of the period (stocks) - Euro",EUR,6,BSI.M.U2.Y.V.M20.X.1.U2.2300.Z01.E,monthly,FB
RTD.M.S0.N.M_M3BM_C_WN.E,M,M_M3BM_C_WN,E,N,Base money,Euro area (moving concept in the Real Time database context) - Eurosystem reporting sector - Base money - World not allocated (geographically) counterpart - Euro,EUR,6,ILM.M.U2.C.LT00001.Z5.EUR,monthly,FK
RTD.M.S0.N.M_M3BM_V_NC.A,M,M_M3BM_V_NC,A,N,"Monetary aggregate M3 reported by MFIs, central gov. and post office giro institutions in the euro area (annual growth rate)","Euro area (moving concept in the Real Time database context) - Monetary aggregate M3 - Base Money (index of notional stock), all currencies combined - MFIs, central government and post office giro institutions reporting sector - Euro area counterpart, Non-MFIs excluding central government sector - outstanding amounts - Annual growth rate",PCCH,0,BSI.M.U2.N.V.M30.X.I.U2.2300.Z01.A,monthly,EZ
RTD.M.S0.N.M_M3_V_NC.E,M,M_M3_V_NC,E,N,"Monetary aggregate M3, Stocks","Euro area (moving concept in the Real Time database context) - Monetary aggregate M3, all currencies combined - MFIs, central government and post office giro institutions reporting sector - Euro area counterpart, Non-MFIs excluding central government sector - outstanding amounts at the end of the period (stocks) - Euro",EUR,6,BSI.M.U2.Y.V.M30.X.1.U2.2300.Z01.E,monthly,FC
RTD.M.S0.N.P_C_COMM.X,M,P_C_COMM,X,N,HICP Inflation rate - Services related to communication - Index,Euro area (moving concept in the Real Time database context) - HICP - Communication services - Index,IX,0,HICP.M.U2.N.COMM00.4D0.INX,monthly,AT
RTD.M.S0.N.P_C_FOOD.X,M,P_C_FOOD,X,N,HICP Inflation rate - Food including alcohol and tobacco - Index,Euro area (moving concept in the Real Time database context) - HICP - Food including alcohol and tobacco - Index,IX,0,HICP.M.U2.N.FOOD00.4D0.INX,monthly,AM
RTD.M.S0.N.P_C_FOODPR.X,M,P_C_FOODPR,X,N,HICP Inflation rate - Processed food including alcohol and tobacco - Index,Euro area (moving concept in the Real Time database context) - HICP - Processed food including alcohol and tobacco - Index,IX,0,HICP.M.U2.N.FOODPR.4D0.INX,monthly,AN
RTD.M.S0.N.P_C_FOODUN.X,M,P_C_FOODUN,X,N,HICP Inflation rate - Unprocessed food - Index,Euro area (moving concept in the Real Time database context) - HICP - Unprocessed food - Index,IX,0,HICP.M.U2.N.FOODUN.4D0.INX,monthly,AO
RTD.M.S0.N.P_C_GOOD.X,M,P_C_GOOD,X,N,HICP Inflation rate - Goods (overall index excluding services) - Index,Euro area (moving concept in the Real Time database context) - HICP - Goods - Index,IX,0,HICP.M.U2.N.GOODS0.4D0.INX,monthly,AK
RTD.M.S0.N.P_C_HOUS.X,M,P_C_HOUS,X,N,HICP Inflation rate - Services related to housing - Index,Euro area (moving concept in the Real Time database context) - HICP - Housing services - Index,IX,0,HICP.M.U2.N.HOUSE0.4D0.INX,monthly,AR
RTD.M.S0.N.P_C_IGXE.X,M,P_C_IGXE,X,N,HICP Inflation rate - Non-energy industrial goods - Index,Euro area (moving concept in the Real Time database context) - HICP - Industrial goods excluding energy - Index,IX,0,HICP.M.U2.N.IGXE00.4D0.INX,monthly,AP
RTD.M.S0.N.P_C_MISC.X,M,P_C_MISC,X,N,HICP Inflation rate - Services - miscellaneous - Index,Euro area (moving concept in the Real Time database context) - HICP - Miscellaneous services - Index,IX,0,HICP.M.U2.N.MISC00.4D0.INX,monthly,AV
RTD.M.S0.N.P_C_NRGY.X,M,P_C_NRGY,X,N,HICP Inflation rate - Energy - Index,Euro area (moving concept in the Real Time database context) - HICP - Energy - Index,IX,0,HICP.M.U2.N.NRGY00.4D0.INX,monthly,AQ
RTD.M.S0.N.P_C_OV.A,M,P_C_OV,A,N,HICP Inflation rate - Total - Annual rate of change,Euro area (moving concept in the Real Time database context) - HICP - Overall index - Annual growth rate,PCCH,0,HICP.M.U2.N.000000.4D0.ANR,monthly,AI
RTD.M.S0.N.P_C_OV.X,M,P_C_OV,X,N,HICP Inflation rate - Total - Index,Euro area (moving concept in the Real Time database context) - HICP - Overall index - Index,IX,0,HICP.M.U2.N.000000.4D0.INX,monthly,AH
RTD.M.S0.N.P_C_RECR.X,M,P_C_RECR,X,N,"HICP Inflation rate - Services related to recreation, including repairs and personal care - Index",Euro area (moving concept in the Real Time database context) - HICP - Recreation and personal services - Index,IX,0,HICP.M.U2.N.RECR00.4D0.INX,monthly,AU
RTD.M.S0.N.P_C_SERV.X,M,P_C_SERV,X,N,HICP Inflation rate - Services (overall index excluding goods) - Index,Euro area (moving concept in the Real Time database context) - HICP - Services - Index,IX,0,HICP.M.U2.N.SERV00.4D0.INX,monthly,AL
RTD.M.S0.N.P_C_TRAN.X,M,P_C_TRAN,X,N,HICP Inflation rate - Services related to transport - Index,Euro area (moving concept in the Real Time database context) - HICP - Transport services - Index,IX,0,HICP.M.U2.N.TRANSP.4D0.INX,monthly,AS
RTD.M.S0.N.P_C_XEFUN.X,M,P_C_XEFUN,X,N,HICP - All-items excluding energy and unprocessed food,Euro area (moving concept in the Real Time database context) - HICP - All-items excluding energy and unprocessed food - Index,PURE_NUMB,0,HICP.M.U2.N.XEFUN0.4D0.INX,monthly,AJ
RTD.M.S0.N.P_OILBR.E,M,P_OILBR,E,N,"Crude Oil BFO M2 Europe FOB $/BBl Commodity - Historical close, average of observations through period","Euro area (moving concept in the Real Time database context) - Oil price, brent crude -1 month forward - Euro",EUR,0,FM.M.U2.EUR.4F.CY.OILBRNI.HSTA,monthly,EY
RTD.M.S0.N.P_P_CAPGO_DS.X,M,P_P_CAPGO_DS,X,N,"Producer Price Index, domestic sales - Neither seasonally nor working day adjusted","Euro area (moving concept in the Real Time database context) - Producer Price Index, domestic sales, MIG Capital Goods Industry - Index",IX,0,STBS.M.I10.N.PRIN.NS0050.4D0.N.IX,monthly,EQ
RTD.M.S0.N.P_P_CONGO_DS.X,M,P_P_CONGO_DS,X,N,"Producer Price Index, domestic sales - Neither seasonally nor working day adjusted","Euro area (moving concept in the Real Time database context) - Producer Price Index, domestic sales, Consumer goods industry - Index",IX,0,STBS.M.I10.N.PRIN.NS0080.4D0.N.IX,monthly,ER
RTD.M.S0.N.P_P_DCOGO_DS.X,M,P_P_DCOGO_DS,X,N,"Producer price index, domestic sales","Euro area (moving concept in the Real Time database context) - Producer Price Index, domestic sales, MIG Durable Consumer Goods Industry - Index",PURE_NUMB,0,STS.M.I9.N.PRIN.NS0060.4.000,,
RTD.M.S0.N.P_P_ENERG_DS.X,M,P_P_ENERG_DS,X,N,"Producer Price Index, domestic sales - Neither seasonally nor working day adjusted","Euro area (moving concept in the Real Time database context) - Producer Price Index, domestic sales, MIG Energy - Index",IX,0,STBS.M.I10.N.PRIN.NS0090.4D0.N.IX,monthly,EU
RTD.M.S0.N.P_P_INTGO_DS.X,M,P_P_INTGO_DS,X,N,"Producer Price Index, domestic sales - Neither seasonally nor working day adjusted","Euro area (moving concept in the Real Time database context) - Producer Price Index, domestic sales, MIG Intermediate Goods Industry - Index",IX,0,STBS.M.I10.N.PRIN.NS0040.4D0.N.IX,monthly,EP
RTD.M.S0.N.P_P_MANUF_DS.X,M,P_P_MANUF_DS,X,N,"Producer Price Index, domestic sales - Neither seasonally nor working day adjusted","Euro area (moving concept in the Real Time database context) - Producer Price Index, domestic sales, Manufacturing - Index",IX,0,STBS.M.I10.N.PRIN.2C0000.4D0.N.IX,monthly,EV
RTD.M.S0.N.P_P_NCOGO_DS.X,M,P_P_NCOGO_DS,X,N,"Producer price index, domestic sales","Euro area (moving concept in the Real Time database context) - Producer Price Index, domestic sales, MIG Non-durable Consumer Goods Industry - Index",PURE_NUMB,0,STS.M.I9.N.PRIN.NS0070.4.000,,
RTD.M.S0.N.P_P_XCOEN_DS.X,M,P_P_XCOEN_DS,X,N,"Producer Price Index, domestic sales - Neither seasonally nor working day adjusted","Euro area (moving concept in the Real Time database context) - Producer Price Index, domestic sales, Total Industry excluding construction and MIG Energy - Index",IX,0,STBS.M.I10.N.PRIN.NS0021.4D0.N.IX,monthly,EO
RTD.M.S0.N.P_P_XCONS_DS.X,M,P_P_XCONS_DS,X,N,"Industrial Producer Price Index, total, domestic sales","Euro area (moving concept in the Real Time database context) - Producer Price Index, domestic sales, Total Industry (excluding construction) - Index",IX,0,STBS.M.I10.N.PRIN.NS0020.4D0.N.IX,monthly,EM
RTD.M.S0.N.P_R_TO.E,M,P_R_TO,E,N,,"Euro area (moving concept in the Real Time database context) - World market prices of raw materials, Index Total - Euro",PURE_NUMB,0,RMP.M.I9.0100.E,,
RTD.M.S0.N.P_R_XNRGY.E,M,P_R_XNRGY,E,N,,"Euro area (moving concept in the Real Time database context) - World market prices of raw materials, Index Total excluding energy - Euro",PURE_NUMB,0,RMP.M.I9.0200.E,,
RTD.M.S0.N.T_MTTT.X,M,T_MTTT,X,N,"Total trade - Extra EA trade, Value, Import","Euro area (moving concept in the Real Time database context) - Trade - Import, Total - Value - Index",EUR,3,TRD.M.I10.N.M.TTT.J10.4.VAL,monthly,BP
RTD.M.S0.N.T_MTTT_U.X,M,T_MTTT_U,X,N,"Total trade,Unit value index (Community concept)","Euro area (moving concept in the Real Time database context) - Trade - Import, Total - Unit value - Index",POINTS,0,TRD.M.I9.N.M.TTT.J9.4.UVX,monthly,CP
RTD.M.S0.N.T_MTTT_V.X,M,T_MTTT_V,X,N,"Total trade - Extra EA trade, Volume index, Import","Euro area (moving concept in the Real Time database context) - Trade - Import, Total - Volume - Index",POINTS,0,TRD.M.I10.N.M.TTT.J10.4.VOX,monthly,CC
RTD.M.S0.N.T_XTTT.X,M,T_XTTT,X,N,"Total trade - Extra EA trade, Value, Export","Euro area (moving concept in the Real Time database context) - Trade - Export, Total - Value - Index",EUR,3,TRD.M.I10.N.X.TTT.J10.4.VAL,monthly,BO
RTD.M.S0.N.T_XTTT_U.X,M,T_XTTT_U,X,N,"Total trade,Unit value index (Community concept)","Euro area (moving concept in the Real Time database context) - Trade - Export, Total - Unit value - Index",POINTS,0,TRD.M.I9.N.X.TTT.J9.4.UVX,monthly,CO
RTD.M.S0.N.T_XTTT_V.X,M,T_XTTT_V,X,N,"Total trade - Extra EA trade, Volume index, Export","Euro area (moving concept in the Real Time database context) - Trade - Export, Total - Volume - Index",POINTS,0,TRD.M.I10.N.X.TTT.J10.4.VOX,monthly,CB
RTD.M.S0.N.X_KA1C_A1.E,M,X_KA1C_A1,E,N,Capital account credits,"Euro area (moving concept in the Real Time database context) - Balance of payment, capital account - vis-a-vis World (all entities) - Credit transactions - Euro",EUR,6,BPS.M.N.I10.W1.S1.S1.T.C.KA._Z._Z._Z.EUR._T._X.N.ALL,monthly,BH
RTD.M.S0.N.X_KA1D_A1.E,M,X_KA1D_A1,E,N,Capital account debits,"Euro area (moving concept in the Real Time database context) - Balance of payment, capital account - vis-a-vis World (all entities) - Debit transactions - Euro",EUR,6,BPS.M.N.I10.W1.S1.S1.T.D.KA._Z._Z._Z.EUR._T._X.N.ALL,monthly,BI
RTD.M.S0.N.X_XA1C_A1.E,M,X_XA1C_A1,E,N,"Goods, Credit (Resources)","Euro area (moving concept in the Real Time database context) - Balance of payment, current account, total - vis-a-vis World (all entities) - Credit transactions - Euro",EUR,6,BPS.M.N.I9.W1.S1.S1.T.C.G._Z._Z._Z.EUR._T._X.N.ALL,monthly,AZ
RTD.M.S0.N.X_XA1D_A1.E,M,X_XA1D_A1,E,N,"Goods, Debit (Uses)","Euro area (moving concept in the Real Time database context) - Balance of payment, current account, total - vis-a-vis World (all entities) - Debit transactions - Euro",EUR,6,BPS.M.N.I9.W1.S1.S1.T.D.G._Z._Z._Z.EUR._T._X.N.ALL,monthly,BA
RTD.M.S0.N.X_XA1N_A1.E,M,X_XA1N_A1,E,N,"Current account, Balance","Euro area (moving concept in the Real Time database context) - Balance of payment, current account, total - vis-a-vis World (all entities) - Net transactions - Euro",EUR,6,BPS.M.N.I9.W1.S1.S1.T.B.CA._Z._Z._Z.EUR._T._X.N.ALL,monthly,AY
RTD.M.S0.N.X_XG1C_A1.E,M,X_XG1C_A1,E,N,"Services, Credit (Resources)","Euro area (moving concept in the Real Time database context) - Balance of payment, current account, goods - vis-a-vis World (all entities) - Credit transactions - Euro",EUR,6,BPS.M.N.I9.W1.S1.S1.T.C.S._Z._Z._Z.EUR._T._X.N.ALL,monthly,BB
RTD.M.S0.N.X_XG1D_A1.E,M,X_XG1D_A1,E,N,"Services, Debit (Uses)","Euro area (moving concept in the Real Time database context) - Balance of payment, current account, goods - vis-a-vis World (all entities) - Debit transactions - Euro",EUR,6,BPS.M.N.I9.W1.S1.S1.T.D.S._Z._Z._Z.EUR._T._X.N.ALL,monthly,BC
RTD.M.S0.N.X_XI1C_A1.E,M,X_XI1C_A1,E,N,"Current account, Credit (Resources)","Euro area (moving concept in the Real Time database context) - Balance of payment, current account, income - vis-a-vis World (all entities) - Credit transactions - Euro",EUR,6,BPS.M.N.I9.W1.S1.S1.T.C.CA._Z._Z._Z.EUR._T._X.N.ALL,monthly,AW
RTD.M.S0.N.X_XI1D_A1.E,M,X_XI1D_A1,E,N,"Current account, Debit (Uses)","Euro area (moving concept in the Real Time database context) - Balance of payment, current account, income - vis-a-vis World (all entities) - Debit transactions - Euro",EUR,6,BPS.M.N.I9.W1.S1.S1.T.D.CA._Z._Z._Z.EUR._T._X.N.ALL,monthly,AX
RTD.M.S0.N.X_XS1C_A1.E,M,X_XS1C_A1,E,N,"Primary income, Credit (Resources)","Euro area (moving concept in the Real Time database context) - Balance of payment, current account, services - vis-a-vis World (all entities) - Credit transactions - Euro",EUR,6,BPS.M.N.I9.W1.S1.S1.T.C.IN1._Z._Z._Z.EUR._T._X.N.ALL,monthly,BD
RTD.M.S0.N.X_XS1D_A1.E,M,X_XS1D_A1,E,N,"Primary income, Debit (Uses)","Euro area (moving concept in the Real Time database context) - Balance of payment, current account, services - vis-a-vis World (all entities) - Debit transactions - Euro",EUR,6,BPS.M.N.I9.W1.S1.S1.T.D.IN1._Z._Z._Z.EUR._T._X.N.ALL,monthly,BE
RTD.M.S0.N.X_XT1C_A1.E,M,X_XT1C_A1,E,N,"Secondary income, Credit (Resources)","Euro area (moving concept in the Real Time database context) - Balance of payment, current account, current transfers - vis-a-vis World (all entities) - Credit transactions - Euro",EUR,6,BPS.M.N.I9.W1.S1.S1.T.C.IN2._Z._Z._Z.EUR._T._X.N.ALL,monthly,BF
RTD.M.S0.N.X_XT1D_A1.E,M,X_XT1D_A1,E,N,"Secondary income, Debit (Uses)","Euro area (moving concept in the Real Time database context) - Balance of payment, current account, current transfers - vis-a-vis World (all entities) - Debit transactions - Euro",EUR,6,BPS.M.N.I9.W1.S1.S1.T.D.IN2._Z._Z._Z.EUR._T._X.N.ALL,monthly,BG
RTD.M.S0.S.L_FETOT.F,M,L_FETOT,F,S,"Unemployment rate, age 15 to 74, female","Euro area (moving concept in the Real Time database context) - Standardised unemployment, Total (all ages), Female - Percentage",PC,0,LFSI.M.I10.S.UNEHRT.TOTAL0.15_74.F,monthly,AG
RTD.M.S0.S.L_FETOT.M,M,L_FETOT,M,S,"Unemployment, age 15 to 74, female","Euro area (moving concept in the Real Time database context) - Standardised unemployment, Total (all ages), Female - Persons",PERS,3,LFSI.M.I10.S.UNEMPL.TOTAL0.15_74.F,monthly,AF
RTD.M.S0.S.L_FMO25.F,M,L_FMO25,F,S,"Unemployment rate, age 25 to 74, total","Euro area (moving concept in the Real Time database context) - Standardised unemployment, Age 25 and over, Total (male and female) - Percentage",PC,0,LFSI.M.I10.S.UNEHRT.TOTAL0.25_74.T,monthly,AA
RTD.M.S0.S.L_FMO25.M,M,L_FMO25,M,S,"Unemployment, age 25 to 74, total","Euro area (moving concept in the Real Time database context) - Standardised unemployment, Age 25 and over, Total (male and female) - Persons",PERS,3,LFSI.M.I10.S.UNEMPL.TOTAL0.25_74.T,monthly,Z
RTD.M.S0.S.L_FMU25.F,M,L_FMU25,F,S,"Unemployment rate, age 15 to 24, total","Euro area (moving concept in the Real Time database context) - Standardised unemployment, Age under 25, Total (male and female) - Percentage",PC,0,LFSI.M.I10.S.UNEHRT.TOTAL0.15_24.T,monthly,AC
RTD.M.S0.S.L_FMU25.M,M,L_FMU25,M,S,"Unemployment, age 15 to 24, total","Euro area (moving concept in the Real Time database context) - Standardised unemployment, Age under 25, Total (male and female) - Persons",PERS,3,LFSI.M.I10.S.UNEMPL.TOTAL0.15_24.T,monthly,AB
RTD.M.S0.S.L_MATOT.F,M,L_MATOT,F,S,"Unemployment rate, age 15 to 74, male","Euro area (moving concept in the Real Time database context) - Standardised unemployment, Total (all ages), Male - Percentage",PC,0,LFSI.M.I10.S.UNEHRT.TOTAL0.15_74.M,monthly,AE
RTD.M.S0.S.L_MATOT.M,M,L_MATOT,M,S,"Unemployment, age 15 to 74, male","Euro area (moving concept in the Real Time database context) - Standardised unemployment, Total (all ages), Male - Persons",PERS,3,LFSI.M.I10.S.UNEMPL.TOTAL0.15_74.M,monthly,AD
RTD.M.S0.S.L_UNETO.F,M,L_UNETO,F,S,"Unemployment rate, age 15 to 74, total","Euro area (moving concept in the Real Time database context) - Standardised unemployment, Total (all ages), Total (male and female) - Percentage",PC,0,LFSI.M.I10.S.UNEHRT.TOTAL0.15_74.T,monthly,Y
RTD.M.S0.S.L_UNETO.M,M,L_UNETO,M,S,"Unemployment, age 15 to 74, total","Euro area (moving concept in the Real Time database context) - Standardised unemployment, Total (all ages), Total (male and female) - Persons",PERS,3,LFSI.M.I10.S.UNEMPL.TOTAL0.15_74.T,monthly,X
RTD.M.S0.S.T_MCAP.E,M,T_MCAP,E,S,"Capital goods - Extra EA trade, Value, Import","Euro area (moving concept in the Real Time database context) - Trade - Import, Capital goods - Value - Euro",EUR,3,TRD.M.I10.Y.M.CAP.J10.4.VAL,monthly,BX
RTD.M.S0.S.T_MCAP_U.X,M,T_MCAP_U,X,S,"Capital goods (BEC),Unit value index (Community concept)","Euro area (moving concept in the Real Time database context) - Trade - Import, Capital goods - Unit value - Index",POINTS,0,TRD.M.I9.N.M.CAP.J9.4.UVX,monthly,CX
RTD.M.S0.S.T_MCAP_V.X,M,T_MCAP_V,X,S,"Capital goods - Extra EA trade, Volume index, Import","Euro area (moving concept in the Real Time database context) - Trade - Import, Capital goods - Volume - Index",POINTS,0,TRD.M.I10.Y.M.CAP.J10.4.VOX,monthly,CK
RTD.M.S0.S.T_MCOM.E,M,T_MCOM,E,S,"Consumption goods - Extra EA trade, Value, Import","Euro area (moving concept in the Real Time database context) - Trade - Import, Consumption goods (consumer goods and cars and petrol) - Euro",EUR,3,TRD.M.I10.Y.M.COM.J10.4.VAL,monthly,BY
RTD.M.S0.S.T_MCOM_U.X,M,T_MCOM_U,X,S,"Consumption goods (consumer goods and cars and petrol) (BEC),Unit value index (Community concept)","Euro area (moving concept in the Real Time database context) - Trade - Import, Consumption goods (consumer goods and cars and petrol) - Unit value - Index",POINTS,0,TRD.M.I9.N.M.COM.J9.4.UVX,monthly,CY
RTD.M.S0.S.T_MCOM_V.X,M,T_MCOM_V,X,S,"Consumption goods - Extra EA trade, Volume index, Import","Euro area (moving concept in the Real Time database context) - Trade - Import, Consumption goods (consumer goods and cars and petrol) - Volume - Index",POINTS,0,TRD.M.I10.Y.M.COM.J10.4.VOX,monthly,CL
RTD.M.S0.S.T_MINT.E,M,T_MINT,E,S,"Intermediate goods - Extra EA trade, Value, Import","Euro area (moving concept in the Real Time database context) - Trade - Import, Intermediate goods - Value - Euro",EUR,3,TRD.M.I10.Y.M.INT.J10.4.VAL,monthly,BW
RTD.M.S0.S.T_MINT_U.X,M,T_MINT_U,X,S,"Intermediate goods (BEC),Unit value index (Community concept)","Euro area (moving concept in the Real Time database context) - Trade - Import, Intermediate goods - Unit value - Index",POINTS,0,TRD.M.I9.N.M.INT.J9.4.UVX,monthly,CW
RTD.M.S0.S.T_MINT_V.X,M,T_MINT_V,X,S,"Intermediate goods - Extra EA trade, Volume index, Import","Euro area (moving concept in the Real Time database context) - Trade - Import, Intermediate goods - Volume - Index",POINTS,0,TRD.M.I10.Y.M.INT.J10.4.VOX,monthly,CJ
RTD.M.S0.S.T_MMAN.E,M,T_MMAN,E,S,"Manufactured products - Extra EA trade, Value, Import","Euro area (moving concept in the Real Time database context) - Trade - Import, Manufactured products - Value - Euro",EUR,3,TRD.M.I10.Y.M.MAN.J10.4.VAL,monthly,BZ
RTD.M.S0.S.T_MMAN_U.X,M,T_MMAN_U,X,S,"Manufactured products (SITC 5 to 8),Unit value index (Community concept)","Euro area (moving concept in the Real Time database context) - Trade - Import, Manufactured products - Unit value - Index",POINTS,0,TRD.M.I9.N.M.MAN.J9.4.UVX,monthly,CZ
RTD.M.S0.S.T_MMAN_V.X,M,T_MMAN_V,X,S,"Manufactured products - Extra EA trade, Volume index, Import","Euro area (moving concept in the Real Time database context) - Trade - Import, Manufactured products - Volume - Index",POINTS,0,TRD.M.I10.Y.M.MAN.J10.4.VOX,monthly,CM
RTD.M.S0.S.T_MOIL.E,M,T_MOIL,E,S,"Petroleum, petroleum products and related materials - Extra EA trade, Value, Import","Euro area (moving concept in the Real Time database context) - Trade - Import, Petroleum, petroleum products and related materials - Value - Euro",EUR,3,TRD.M.I10.Y.M.OIL.J10.4.VAL,monthly,CA
RTD.M.S0.S.T_MOIL_U.X,M,T_MOIL_U,X,S,"Petroleum, petroleum products and related materials (SITC 33),Unit value index (Community concept)","Euro area (moving concept in the Real Time database context) - Trade - Import, Petroleum, petroleum products and related materials - Unit value - Index",POINTS,0,TRD.M.I9.N.M.OIL.J9.4.UVX,monthly,DA
RTD.M.S0.S.T_MOIL_V.X,M,T_MOIL_V,X,S,"Petroleum, petroleum products and related materials - Extra EA trade, Volume index, Import","Euro area (moving concept in the Real Time database context) - Trade - Import, Petroleum, petroleum products and related materials - Volume - Index",POINTS,0,TRD.M.I10.Y.M.OIL.J10.4.VOX,monthly,CN
RTD.M.S0.S.T_MTTT.E,M,T_MTTT,E,S,"Total trade - Extra EA trade, Value, Import","Euro area (moving concept in the Real Time database context) - Trade - Import, Total - Value - Euro",EUR,3,TRD.M.I10.Y.M.TTT.J10.4.VAL,monthly,BV
RTD.M.S0.S.T_MTTT_U.X,M,T_MTTT_U,X,S,"Total trade,Unit value index (Community concept)","Euro area (moving concept in the Real Time database context) - Trade - Import, Total - Unit value - Index",POINTS,0,TRD.M.I9.N.M.TTT.J9.4.UVX,monthly,CV
RTD.M.S0.S.T_MTTT_V.X,M,T_MTTT_V,X,S,"Total trade - Extra EA trade, Volume index, Import","Euro area (moving concept in the Real Time database context) - Trade - Import, Total - Volume - Index",POINTS,0,TRD.M.I10.Y.M.TTT.J10.4.VOX,monthly,CI
RTD.M.S0.S.T_XCAP.E,M,T_XCAP,E,S,"Capital goods - Extra EA trade, Value, Export","Euro area (moving concept in the Real Time database context) - Trade - Export, Capital goods - Value - Euro",EUR,3,TRD.M.I10.Y.X.CAP.J10.4.VAL,monthly,BS
RTD.M.S0.S.T_XCAP_U.X,M,T_XCAP_U,X,S,"Capital goods (BEC),Unit value index (Community concept)","Euro area (moving concept in the Real Time database context) - Trade - Export, Capital goods - Unit value - Index",POINTS,0,TRD.M.I9.N.X.CAP.J9.4.UVX,monthly,CS
RTD.M.S0.S.T_XCAP_V.X,M,T_XCAP_V,X,S,"Capital goods - Extra EA trade, Volume index, Export","Euro area (moving concept in the Real Time database context) - Trade - Export, Capital goods - Volume - Index",POINTS,0,TRD.M.I10.Y.X.CAP.J10.4.VOX,monthly,CF
RTD.M.S0.S.T_XCOM.E,M,T_XCOM,E,S,"Consumption goods - Extra EA trade, Value, Export","Euro area (moving concept in the Real Time database context) - Trade - Export, Consumption goods (consumer goods and cars and petrol) - Value - Euro",EUR,3,TRD.M.I10.Y.X.COM.J10.4.VAL,monthly,BT
RTD.M.S0.S.T_XCOM_U.X,M,T_XCOM_U,X,S,"Consumption goods (consumer goods and cars and petrol) (BEC),Unit value index (Community concept)","Euro area (moving concept in the Real Time database context) - Trade - Export, Consumption goods (consumer goods and cars and petrol) - Unit value - Index",POINTS,0,TRD.M.I9.N.X.COM.J9.4.UVX,monthly,CT
RTD.M.S0.S.T_XCOM_V.X,M,T_XCOM_V,X,S,"Consumption goods - Extra EA trade, Volume index, Export","Euro area (moving concept in the Real Time database context) - Trade - Export, Consumption goods (consumer goods and cars and petrol) - Volume - Index",POINTS,0,TRD.M.I10.Y.X.COM.J10.4.VOX,monthly,CG
RTD.M.S0.S.T_XINT.E,M,T_XINT,E,S,"Intermediate goods - Extra EA trade, Value, Export","Euro area (moving concept in the Real Time database context) - Trade - Export, Intermediate goods - Value - Euro",EUR,3,TRD.M.I10.Y.X.INT.J10.4.VAL,monthly,BR
RTD.M.S0.S.T_XINT_U.X,M,T_XINT_U,X,S,"Intermediate goods (BEC),Unit value index (Community concept)","Euro area (moving concept in the Real Time database context) - Trade - Export, Intermediate goods - Unit value - Index",POINTS,0,TRD.M.I9.N.X.INT.J9.4.UVX,monthly,CR
RTD.M.S0.S.T_XINT_V.X,M,T_XINT_V,X,S,"Intermediate goods - Extra EA trade, Volume index, Export","Euro area (moving concept in the Real Time database context) - Trade - Export, Intermediate goods - Volume - Index",POINTS,0,TRD.M.I10.Y.X.INT.J10.4.VOX,monthly,CE
RTD.M.S0.S.T_XMAN.E,M,T_XMAN,E,S,"Manufactured products - Extra EA trade, Value, Export","Euro area (moving concept in the Real Time database context) - Trade - Export, Manufactured products - Value - Euro",EUR,3,TRD.M.I10.Y.X.MAN.J10.4.VAL,monthly,BU
RTD.M.S0.S.T_XMAN_U.X,M,T_XMAN_U,X,S,"Manufactured products (SITC 5 to 8),Unit value index (Community concept)","Euro area (moving concept in the Real Time database context) - Trade - Export, Manufactured products - Unit value - Index",POINTS,0,TRD.M.I9.N.X.MAN.J9.4.UVX,monthly,CU
RTD.M.S0.S.T_XMAN_V.X,M,T_XMAN_V,X,S,"Manufactured products - Extra EA trade, Volume index, Export","Euro area (moving concept in the Real Time database context) - Trade - Export, Manufactured products - Volume - Index",POINTS,0,TRD.M.I10.Y.X.MAN.J10.4.VOX,monthly,CH
RTD.M.S0.S.T_XTTT.E,M,T_XTTT,E,S,"Total trade - Extra EA trade, Value, Export","Euro area (moving concept in the Real Time database context) - Trade - Export, Total - Value - Euro",EUR,3,TRD.M.I10.Y.X.TTT.J10.4.VAL,monthly,BQ
RTD.M.S0.S.T_XTTT_U.X,M,T_XTTT_U,X,S,"Total trade,Unit value index (Community concept)","Euro area (moving concept in the Real Time database context) - Trade - Export, Total - Unit value - Index",POINTS,0,TRD.M.I9.N.X.TTT.J9.4.UVX,monthly,CQ
RTD.M.S0.S.T_XTTT_V.X,M,T_XTTT_V,X,S,"Total trade - Extra EA trade, Volume index, Export","Euro area (moving concept in the Real Time database context) - Trade - Export, Total - Volume - Index",POINTS,0,TRD.M.I10.Y.X.TTT.J10.4.VOX,monthly,CD
RTD.M.S0.S.Y_COAOB.F,M,Y_COAOB,F,S,,Euro area (moving concept in the Real Time database context) - Construction Survey - Assessment of order books - Percentage,UNITS,0,SUR.M.I9.S.ECFIN.CON003.TT,monthly,FY
RTD.M.S0.S.Y_COCCI.F,M,Y_COCCI,F,S,Construction survey - construction Confidence Indicator,Euro area (moving concept in the Real Time database context) - Construction Survey - Construction Confidence Indicator - Percentage,UNITS,0,ECS.M.I10.S.4D1.CON099.TT,monthly,FX
RTD.M.S0.S.Y_COEEX.F,M,Y_COEEX,F,S,,Euro area (moving concept in the Real Time database context) - Construction Survey - Employment expectations for the months ahead - Percentage,UNITS,0,SUR.M.I9.S.ECFIN.CON004.TT,monthly,FZ
RTD.M.S0.S.Y_CSCCI.F,M,Y_CSCCI,F,S,Consumer survey - consumer confidence indicator,Euro area (moving concept in the Real Time database context) - Consumer Survey - Consumer Confidence Indicator - Percentage,UNITS,0,ECS.M.I10.S.4D1.CNS099.TT,monthly,FS
RTD.M.S0.S.Y_CSF12.F,M,Y_CSF12,F,S,,Euro area (moving concept in the Real Time database context) - Consumer Survey - Financial situation over next 12 months - Percentage,UNITS,0,SUR.M.I9.S.ECFIN.CNS002.TT,monthly,FT
RTD.M.S0.S.Y_CSG12.F,M,Y_CSG12,F,S,,Euro area (moving concept in the Real Time database context) - Consumer Survey - General economic situation over next 12 months - Percentage,UNITS,0,SUR.M.I9.S.ECFIN.CNS004.TT,monthly,FU
RTD.M.S0.S.Y_CSS12.F,M,Y_CSS12,F,S,,Euro area (moving concept in the Real Time database context) - Consumer Survey - Savings over next 12 months - Percentage,UNITS,0,SUR.M.I9.S.ECFIN.CNS011.TT,monthly,FW
RTD.M.S0.S.Y_CSU12.F,M,Y_CSU12,F,S,,Euro area (moving concept in the Real Time database context) - Consumer Survey - Unemployment expectations over next 12 months - Percentage,UNITS,0,SUR.M.I9.S.ECFIN.CNS007.TT,monthly,FV
RTD.M.S0.S.Y_ESIND.F,M,Y_ESIND,F,S,Economic sentiment indicator,Euro area (moving concept in the Real Time database context) - Economic Sentiment Indicator - Percentage,UNITS,0,ECS.M.I10.S.4D1.ESI000.TT,monthly,FN
RTD.M.S0.S.Y_ISAOB.F,M,Y_ISAOB,F,S,,Euro area (moving concept in the Real Time database context) - Industry Survey - Assessment of order-book levels - Percentage,UNITS,0,SUR.M.I9.S.ECFIN.MAN002.TT,monthly,FP
RTD.M.S0.S.Y_ISASP.F,M,Y_ISASP,F,S,,Euro area (moving concept in the Real Time database context) - Industry Survey - Assessment of stocks of finished products - Percentage,UNITS,0,SUR.M.I9.S.ECFIN.MAN004.TT,monthly,FQ
RTD.M.S0.S.Y_ISICI.F,M,Y_ISICI,F,S,Industry survey - industrial confidence indicator,Euro area (moving concept in the Real Time database context) - Industry Survey - Industrial Confidence Indicator - Percentage,UNITS,0,ECS.M.I10.S.4D1.MAN099.TT,monthly,FO
RTD.M.S0.S.Y_ISPEX.F,M,Y_ISPEX,F,S,,Euro area (moving concept in the Real Time database context) - Industry Survey - Production expectations for the months ahead - Percentage,UNITS,0,SUR.M.I9.S.ECFIN.MAN005.TT,monthly,FR
RTD.M.S0.S.Y_RSAOS.F,M,Y_RSAOS,F,S,,Euro area (moving concept in the Real Time database context) - Retail Trade Survey - Assessment of stocks - Percentage,UNITS,0,SUR.M.I9.S.ECFIN.RET002.TT,monthly,GC
RTD.M.S0.S.Y_RSBEX.F,M,Y_RSBEX,F,S,,Euro area (moving concept in the Real Time database context) - Retail Trade Survey - Expected business situation - Percentage,UNITS,0,SUR.M.I9.S.ECFIN.RET004.TT,monthly,GD
RTD.M.S0.S.Y_RSPBS.F,M,Y_RSPBS,F,S,,Euro area (moving concept in the Real Time database context) - Retail Trade Survey - Present business situation - Percentage,UNITS,0,SUR.M.I9.S.ECFIN.RET001.TT,monthly,GB
RTD.M.S0.S.Y_RSRCI.F,M,Y_RSRCI,F,S,Retail trade survey - retail confidence indicator,Euro area (moving concept in the Real Time database context) - Retail Trade Survey - Retail Confidence Indicator - Percentage,UNITS,0,ECS.M.I10.S.4D1.RET099.TT,monthly,GA
RTD.M.S0.S.Y_SSABC.F,M,Y_SSABC,F,S,,Euro area (moving concept in the Real Time database context) - Service Survey - Assessment of the business climate - Percentage,UNITS,0,SUR.M.I9.S.ECFIN.SER001.TT,monthly,GF
RTD.M.S0.S.Y_SSEDE.F,M,Y_SSEDE,F,S,,Euro area (moving concept in the Real Time database context) - Service Survey - Evolution of demand expected in the months ahead - Percentage,UNITS,0,SUR.M.I9.S.ECFIN.SER003.TT,monthly,GH
RTD.M.S0.S.Y_SSEDR.F,M,Y_SSEDR,F,S,,Euro area (moving concept in the Real Time database context) - Service Survey - Evolution of demand in recent months - Percentage,UNITS,0,SUR.M.I9.S.ECFIN.SER002.TT,monthly,GG
RTD.M.S0.S.Y_SSSCI.F,M,Y_SSSCI,F,S,Service survey - service confidence indicator,Euro area (moving concept in the Real Time database context) - Service Survey - Service Confidence Indicator - Percentage,UNITS,0,ECS.M.I10.S.4D1.SER099.TT,monthly,GE
RTD.M.S0.W.I_CAPGO.X,M,I_CAPGO,X,W,"Industrial Production Index - Working day adjusted, not seasonally adjusted","Euro area (moving concept in the Real Time database context) - Industrial Production Index, MIG Capital Goods Industry - Index",IX,0,STBS.M.I10.W.PROD.NS0050.4D0.N.IX,monthly,G
RTD.M.S0.W.I_CONGO.X,M,I_CONGO,X,W,"Industrial Production Index - Working day adjusted, not seasonally adjusted","Euro area (moving concept in the Real Time database context) - Industrial Production Index, Consumer goods industry - Index",IX,0,STBS.M.I10.W.PROD.NS0080.4D0.N.IX,monthly,H
RTD.M.S0.W.I_CONST.X,M,I_CONST,X,W,"Construction Production - Working day adjusted, not seasonally adjusted","Euro area (moving concept in the Real Time database context) - Industrial Production Index, Construction - Index",IX,0,STBS.M.I10.W.PROD.2F0000.4D0.N.IX,monthly,L
RTD.M.S0.W.I_DCOGO.X,M,I_DCOGO,X,W,Industrial production; durable consumer goods,"Euro area (moving concept in the Real Time database context) - Industrial Production Index, MIG Durable Consumer Goods Industry - Index",PURE_NUMB,0,STS.M.I9.W.PROD.NS0060.4.000,monthly,I
RTD.M.S0.W.I_ENERG.X,M,I_ENERG,X,W,"Industrial Production Index - Working day adjusted, not seasonally adjusted","Euro area (moving concept in the Real Time database context) - Industrial Production Index, MIG Energy - Index",IX,0,STBS.M.I10.W.PROD.NS0090.4D0.N.IX,monthly,K
RTD.M.S0.W.I_INDTO.X,M,I_INDTO,X,W,Industrial production; total including construction,"Euro area (moving concept in the Real Time database context) - Industrial Production Index, Total Industry - Index",PURE_NUMB,0,STS.M.I9.W.PROD.NS0010.4.000,monthly,B
RTD.M.S0.W.I_INTGO.X,M,I_INTGO,X,W,"Industrial Production Index - Working day adjusted, not seasonally adjusted","Euro area (moving concept in the Real Time database context) - Industrial Production Index, MIG Intermediate Goods Industry - Index",IX,0,STBS.M.I10.W.PROD.NS0040.4D0.N.IX,monthly,F
RTD.M.S0.W.I_MANUF.X,M,I_MANUF,X,W,"Industrial Production Index - Working day adjusted, not seasonally adjusted","Euro area (moving concept in the Real Time database context) - Industrial Production Index, Manufacturing - Index",IX,0,STBS.M.I10.W.PROD.2C0000.4D0.N.IX,monthly,M
RTD.M.S0.W.I_NCARS.Q,M,I_NCARS,Q,W,New passenger car registration,"Euro area (moving concept in the Real Time database context) - Car registration, New passenger car - Quantity",PURE_NUMB,0,STS.M.I8.W.CREG.PC0000.3.ABS,monthly,W
RTD.M.S0.W.I_NCOGO.X,M,I_NCOGO,X,W,Industrial production; non-durable consumer goods,"Euro area (moving concept in the Real Time database context) - Industrial Production Index, MIG Non-durable Consumer Goods Industry - Index",PURE_NUMB,0,STS.M.I9.W.PROD.NS0070.4.000,monthly,J
RTD.M.S0.W.I_XCOEN.X,M,I_XCOEN,X,W,"Industrial production; total excluding construction, energy","Euro area (moving concept in the Real Time database context) - Industrial Production Index, Total Industry excluding construction and MIG Energy - Index",PURE_NUMB,0,STS.M.I9.W.PROD.NS0021.4.000,monthly,E
RTD.M.S0.W.I_XCONS.X,M,I_XCONS,X,W,"Total industrial production (excluding construction) - Working day adjusted, not seasonally adjusted","Euro area (moving concept in the Real Time database context) - Industrial Production Index, Total Industry (excluding construction) - Index",IX,0,STBS.M.I10.W.PROD.NS0020.4D0.N.IX,monthly,D
RTD.M.S0.Y.I_NCARS.Q,M,I_NCARS,Q,Y,"New passenger car registration, Working day and seasonally adjusted","Euro area (moving concept in the Real Time database context) - Car registration, New passenger car - Quantity",PN,0,CAR.M.I10.Y.CREG.PC0000.4F0.N.PN,monthly,V
RTD.M.S0.Y.I_XCONS.X,M,I_XCONS,X,Y,Total industrial production (excluding construction) - Working day and seasonally adjusted,"Euro area (moving concept in the Real Time database context) - Industrial Production Index, Total Industry (excluding construction) - Index",IX,0,STBS.M.I10.Y.PROD.NS0020.4D0.N.IX,monthly,C
RTD.M.S0.Y.M_LOANSEC_U_NG.E,M,M_LOANSEC_U_NG,E,Y,Loans [A20] and securities [AT1] vis-a-vis euro area Non-MFIs excl. general gov. reported by MFIs in the euro area (stocks),"Euro area (moving concept in the Real Time database context) - Loans and securities (credit), total maturity, all currencies combined - Monetary and Financial Institutions (MFIs) reporting sector - Euro area counterpart, Non-MFIs excluding general government sector - outstanding amounts at the end of the period (stoc - Euro",EUR,6,BSI.M.U2.N.U.AT2.A.1.U2.2200.Z01.E,monthly,FM
RTD.M.S0.Y.M_LOAN_U_NG.E,M,M_LOAN_U_NG,E,Y,Loans vis-a-vis euro area Non-MFIs excl. general gov. reported by MFIs in the euro area (stocks),"Euro area (moving concept in the Real Time database context) - Loans, total maturity, all currencies combined - Monetary and Financial Institutions (MFIs) reporting sector - Euro area counterpart, Non-MFIs excluding general government sector - outstanding amounts at the end of the period (stocks) - Euro",EUR,6,BSI.M.U2.N.U.A20.A.1.U2.2200.Z01.E,monthly,FL
RTD.M.S0.Y.M_M1_V_NC.E,M,M_M1_V_NC,E,Y,"Monetary aggregate M1 reported by MFIs, central gov. and post office giro institutions in the euro area (stocks)","Euro area (moving concept in the Real Time database context) - Monetary aggregate M1, all currencies combined - MFIs, central government and post office giro institutions reporting sector - Euro area counterpart, Non-MFIs excluding central government sector - outstanding amounts at the end of the period (stocks) - Euro",EUR,6,BSI.M.U2.N.V.M10.X.1.U2.2300.Z01.E,monthly,FH
RTD.M.S0.Y.M_M2_V_NC.E,M,M_M2_V_NC,E,Y,"Monetary aggregate M2 reported by MFIs, central gov. and post office giro institutions in the euro area (stocks)","Euro area (moving concept in the Real Time database context) - Monetary aggregate M2, all currencies combined - MFIs, central government and post office giro institutions reporting sector - Euro area counterpart, Non-MFIs excluding central government sector - outstanding amounts at the end of the period (stocks) - Euro",EUR,6,BSI.M.U2.N.V.M20.X.1.U2.2300.Z01.E,monthly,FI
RTD.M.S0.Y.M_M3BM_V_NC.A,M,M_M3BM_V_NC,A,Y,"Monetary aggregate M3, Annual growth rate","Euro area (moving concept in the Real Time database context) - Monetary aggregate M3 - Base Money (index of notional stock), all currencies combined - MFIs, central government and post office giro institutions reporting sector - Euro area counterpart, Non-MFIs excluding central government sector - outstanding amounts - Annual growth rate",PCCH,0,BSI.M.U2.Y.V.M30.X.I.U2.2300.Z01.A,monthly,FG
RTD.M.S0.Y.M_M3_V_NC.E,M,M_M3_V_NC,E,Y,"Monetary aggregate M3 reported by MFIs, central gov. and post office giro institutions in the euro area (stocks)","Euro area (moving concept in the Real Time database context) - Monetary aggregate M3, all currencies combined - MFIs, central government and post office giro institutions reporting sector - Euro area counterpart, Non-MFIs excluding central government sector - outstanding amounts at the end of the period (stocks) - Euro",EUR,6,BSI.M.U2.N.V.M30.X.1.U2.2300.Z01.E,monthly,FJ
RTD.M.S0.Y.O_RTFOBETD.X,M,O_RTFOBETD,X,Y,"Total Turnover Index, deflated - Working day and seasonally adjusted","Euro area (moving concept in the Real Time database context) - Total Turnover Index, deflated, Retail sale of food, beverages and tobacco - Index",IX,0,STBS.M.I10.Y.TOVV.NS4702.4D0.N.IX,monthly,R
RTD.M.S0.Y.O_RTHOUSED.X,M,O_RTHOUSED,X,Y,"Retail trade turnover, deflated, audio and video equipment etc.","Euro area (moving concept in the Real Time database context) - Total Turnover Index, deflated, Retail sale of household equipment - Index",PURE_NUMB,0,STS.M.I9.Y.TOVV.NS4705.4.000,monthly,U
RTD.M.S0.Y.O_RTNONFOD.X,M,O_RTNONFOD,X,Y,"Total Turnover Index, deflated - Working day and seasonally adjusted","Euro area (moving concept in the Real Time database context) - Total Turnover Index, deflated, Retail sale of non food products - Index",IX,0,STBS.M.I10.Y.TOVV.NS4703.4D0.N.IX,monthly,S
RTD.M.S0.Y.O_RTTEXCLD.X,M,O_RTTEXCLD,X,Y,"Retail trade turnover, deflated, textiles, clothing etc.","Euro area (moving concept in the Real Time database context) - Total Turnover Index, deflated, Retail sale of textiles, clothing, footwear and leather goods - Index",PURE_NUMB,0,STS.M.I9.Y.TOVV.NS4704.4.000,monthly,T
RTD.M.S0.Y.O_RTXMOTV.X,M,O_RTXMOTV,X,Y,"Retail trade turnover, nominal, total including fuel, except of motor vehicles and motorcycles","Euro area (moving concept in the Real Time database context) - Total Turnover Index, Retail trade, except of motor vehicles and motorcycles - Index",PURE_NUMB,0,STS.M.I9.Y.TOVT.2G4700.4.000,monthly,N
RTD.M.S0.Y.O_RTXMOTVD.X,M,O_RTXMOTVD,X,Y,"Total retail trade turnover, deflated - Working day and seasonally adjusted","Euro area (moving concept in the Real Time database context) - Total Turnover Index, deflated, Retail trade, except of motor vehicles and motorcycles - Index",IX,0,STBS.M.I10.Y.TOVV.2G4700.4D0.N.IX,monthly,P
RTD.M.US.N.P_C_OV.X,M,P_C_OV,X,N,"CONSUMER PRICES, ALL ITEMS (ALL URBAN CONSUMERS), NSA","United States - HICP - Overall index - IndexUnited States - CONSUMER PRICES, ALL ITEMS (ALL URBAN CONSUMERS), NSA - ALL URBAN CONSUMERS",IX,0,BISM.M.VEBA.US.01,monthly,ED
RTD.M.US.Y.I_MANUF.X,M,I_MANUF,X,Y,"INDUST.PROD., MANUFACTURING SA","United States - Industrial Production Index, Manufacturing - Index",IX,0,BISM.M.SBNB.US.01,monthly,EE
RTD.M.US.Y.L_UNETO.F,M,L_UNETO,F,Y,UNEMPLOYMENT RATE SA,"United States - Standardised unemployment, Total (all ages), Total (male and female) - Percentage",PC,0,BISM.M.UIHB.US.01,monthly,EF
RTD.M.US.Y.M_M2.U,M,M_M2,U,Y,M2 (M1 PLUS SMALL TIME & SAV.DEPOSITS & MONEY MKT MUT.FUNDS) SA,United States - Money stock M2 - US dollar,USD,9,BISM.M.ABUB.US.01,monthly,EG
RTD.Q.JP.Y.G_GDPM_TO_C.X,Q,G_GDPM_TO_C,X,Y,"GDP, AT MARKET PRICES (SNA 08) - CH. 2015 JPY SAAR",Japan - Gross domestic product at market price - Chain linked volumes - Index,JPY,9,BISM.Q.RHGB.JP.01,quarterly,AL
RTD.Q.S0.N.E_ERU1_NGR.X,Q,E_ERU1_NGR,X,N,"Euro real effective exchange rate against extended group of trading partners (EER-17), unit labour cost in total economy deflated","Euro area (moving concept in the Real Time database context) - Exchange rate, ECB real effective exchange rate ULC total economy deflated, narrow group of currencies against euro - Index",POINTS,0,EXR.Q.E02.EUR.ERU1.A,quarterly,AG
RTD.Q.S0.N.L_EMP_TO.M,Q,L_EMP_TO,M,N,Employees,Euro area (moving concept in the Real Time database context) - Employees - total domestic - Persons,PS,3,MNA.Q.N.I10.W2.S1.S1._Z.SAL._Z._T._Z.PS._Z.N,quarterly,D
RTD.Q.S0.N.L_SEMP_TO.M,Q,L_SEMP_TO,M,N,Self employed,Euro area (moving concept in the Real Time database context) - Self-employed - total - Persons,PS,3,MNA.Q.N.I10.W2.S1.S1._Z.SELF._Z._T._Z.PS._Z.N,quarterly,E
RTD.Q.S0.N.L_TEMP_AHFF.M,Q,L_TEMP_AHFF,M,N,Total employment,Euro area (moving concept in the Real Time database context) - Total employment - agricultural hunting forestry and fishing products - Persons,PS,3,MNA.Q.N.I10.W2.S1.S1._Z.EMP._Z.A._Z.PS._Z.N,quarterly,F
RTD.Q.S0.N.L_TEMP_ARTOSER.M,Q,L_TEMP_ARTOSER,M,N,Total employment,"Euro area (moving concept in the Real Time database context) - Total employment - Arts, entertainment and recreation, repair of household goods and other services (NACE Rev2) - Persons",PS,3,MNA.Q.N.I10.W2.S1.S1._Z.EMP._Z.RTU._Z.PS._Z.N,quarterly,DD
RTD.Q.S0.N.L_TEMP_CONST.M,Q,L_TEMP_CONST,M,N,Total employment,Euro area (moving concept in the Real Time database context) - Total employment - construction - Persons,PS,3,MNA.Q.N.I10.W2.S1.S1._Z.EMP._Z.F._Z.PS._Z.N,quarterly,H
RTD.Q.S0.N.L_TEMP_DEFEDU.M,Q,L_TEMP_DEFEDU,M,N,Total employment,Euro area (moving concept in the Real Time database context) - Total employment - Public administration and defence; compulsory social security; education; human health and social work activities (NACE Rev2) - Persons,PS,3,MNA.Q.N.I10.W2.S1.S1._Z.EMP._Z.OTQ._Z.PS._Z.N,quarterly,DC
RTD.Q.S0.N.L_TEMP_FININS.M,Q,L_TEMP_FININS,M,N,Total employment,Euro area (moving concept in the Real Time database context) - Total employment - Financial and insurance activities (NACE Rev2) - Persons,PS,3,MNA.Q.N.I10.W2.S1.S1._Z.EMP._Z.K._Z.PS._Z.N,quarterly,CZ
RTD.Q.S0.N.L_TEMP_INDTO.M,Q,L_TEMP_INDTO,M,N,Total employment,Euro area (moving concept in the Real Time database context) - Total employment - total industry - Persons,PS,3,MNA.Q.N.I10.W2.S1.S1._Z.EMP._Z.BTE._Z.PS._Z.N,quarterly,G
RTD.Q.S0.N.L_TEMP_INFCOM.M,Q,L_TEMP_INFCOM,M,N,Total employment,Euro area (moving concept in the Real Time database context) - Total employment - Information and communication (NACE Rev2) - Persons,PS,3,MNA.Q.N.I10.W2.S1.S1._Z.EMP._Z.J._Z.PS._Z.N,quarterly,CY
RTD.Q.S0.N.L_TEMP_REST.M,Q,L_TEMP_REST,M,N,Total employment,Euro area (moving concept in the Real Time database context) - Total employment - Real estate activities (NACE Rev2) - Persons,PS,3,MNA.Q.N.I10.W2.S1.S1._Z.EMP._Z.L._Z.PS._Z.N,quarterly,DA
RTD.Q.S0.N.L_TEMP_SCADM.M,Q,L_TEMP_SCADM,M,N,Total employment,"Euro area (moving concept in the Real Time database context) - Total employment - Professional, scientific and technical activities; administrative and support service activities (NACE Rev2) - Persons",PS,3,MNA.Q.N.I10.W2.S1.S1._Z.EMP._Z.M_N._Z.PS._Z.N,quarterly,DB
RTD.Q.S0.N.L_TEMP_TO.M,Q,L_TEMP_TO,M,N,Total employment (in thousands of persons),Euro area (moving concept in the Real Time database context) - Total employment - total domestic - Persons,PS,3,MNA.Q.N.I10.W2.S1.S1._Z.EMP._Z._T._Z.PS._Z.N,quarterly,C
RTD.Q.S0.N.L_TEMP_WSHRTC.M,Q,L_TEMP_WSHRTC,M,N,Total employment,"Euro area (moving concept in the Real Time database context) - Total employment - trade, repairs, hotels, restaurants, transport and communications - Persons",PS,3,MNA.Q.N.I10.W2.S1.S1._Z.EMP._Z.GTI._Z.PS._Z.N,quarterly,I
RTD.Q.S0.N.P_CO_RESB.X,Q,P_CO_RESB,X,N,Construction Producer Price Index,"Euro area (moving concept in the Real Time database context) - Construction output prices, All residential buildings - Index",IX,0,STBS.Q.I10.N.COUP.NF411X.4D0.N.IX,quarterly,BE
RTD.Q.S0.S.G_CIAXDV_TO_U.E,Q,G_CIAXDV_TO_U,E,S,"Changes in inventories and acquisition less disposals of valuables, nominal",Euro area (moving concept in the Real Time database context) - Changes in inventories and acquisitions less disposals of valuables - Current prices - Euro,EUR,6,MNA.Q.Y.I10.W0.S1.S1.D.P5M.N1MG._T._Z.EUR.V.N,quarterly,BJ
RTD.Q.S0.S.G_DDIS_TO_D.X,Q,G_DDIS_TO_D,X,S,"Total final domestic demand, deflator",Euro area (moving concept in the Real Time database context) - Domestic demand including stocks - Deflator - Index,IX,0,MNA.Q.Y.I10.W0.S1.S1.D.P3T5._Z._Z._Z.IX.D.N,quarterly,M
RTD.Q.S0.S.G_FCGG_TO_C.E,Q,G_FCGG_TO_C,E,S,Government final consumption,Euro area (moving concept in the Real Time database context) - Final consumption of general government - Chain linked volumes - Euro,EUR,6,MNA.Q.Y.I10.W0.S13.S1.D.P3._Z._Z._T.EUR.LR.N,quarterly,BO
RTD.Q.S0.S.G_FCGG_TO_D.X,Q,G_FCGG_TO_D,X,S,"Final consumption expenditure, deflator",Euro area (moving concept in the Real Time database context) - Final consumption of general government - Deflator - Index,IX,0,MNA.Q.Y.I10.W0.S13.S1.D.P3._Z._Z._T.IX.D.N,quarterly,O
RTD.Q.S0.S.G_FCGG_TO_U.E,Q,G_FCGG_TO_U,E,S,Government final consumption,Euro area (moving concept in the Real Time database context) - Final consumption of general government - Current prices - Euro,EUR,6,MNA.Q.Y.I10.W0.S13.S1.D.P3._Z._Z._T.EUR.V.N,quarterly,BH
RTD.Q.S0.S.G_FCHI_TO_C.E,Q,G_FCHI_TO_C,E,S,Private final consumption,Euro area (moving concept in the Real Time database context) - Final consumption of households and NPISHs (private consumption) - Chain linked volumes - Euro,EUR,6,MNA.Q.Y.I10.W0.S1M.S1.D.P31._Z._Z._T.EUR.LR.N,quarterly,BN
RTD.Q.S0.S.G_FCHI_TO_D.X,Q,G_FCHI_TO_D,X,S,"Individual consumption expenditure, deflator",Euro area (moving concept in the Real Time database context) - Final consumption of households and NPISHs (private consumption) - Deflator - Index,IX,0,MNA.Q.Y.I10.W0.S1M.S1.D.P31._Z._Z._T.IX.D.N,quarterly,N
RTD.Q.S0.S.G_FCHI_TO_U.E,Q,G_FCHI_TO_U,E,S,Private final consumption,Euro area (moving concept in the Real Time database context) - Final consumption of households and NPISHs (private consumption) - Current prices - Euro,EUR,6,MNA.Q.Y.I10.W0.S1M.S1.D.P31._Z._Z._T.EUR.V.N,quarterly,BG
RTD.Q.S0.S.G_GDPM_TO_C.E,Q,G_GDPM_TO_C,E,S,"Gross domestic product at market prices, volume",Euro area (moving concept in the Real Time database context) - Gross domestic product at market price - Chain linked volumes - Euro,EUR,6,MNA.Q.Y.I10.W2.S1.S1.B.B1GQ._Z._Z._Z.EUR.LR.N,quarterly,BM
RTD.Q.S0.S.G_GDPM_TO_D.X,Q,G_GDPM_TO_D,X,S,"Gross domestic product at market prices, deflator",Euro area (moving concept in the Real Time database context) - Gross domestic product at market price - Deflator - Index,IX,0,MNA.Q.Y.I10.W2.S1.S1.B.B1GQ._Z._Z._Z.IX.D.N,quarterly,L
RTD.Q.S0.S.G_GDPM_TO_U.E,Q,G_GDPM_TO_U,E,S,"Gross domestic product at market prices, nominal",Euro area (moving concept in the Real Time database context) - Gross domestic product at market price - Current prices - Euro,EUR,6,MNA.Q.Y.I10.W2.S1.S1.B.B1GQ._Z._Z._Z.EUR.V.N,quarterly,BF
RTD.Q.S0.S.G_GFCF_TO_C.E,Q,G_GFCF_TO_C,E,S,"Gross fixed capital formation, volume",Euro area (moving concept in the Real Time database context) - Gross fixed capital formation - Chain linked volumes - Euro,EUR,6,MNA.Q.Y.I10.W0.S1.S1.D.P51G.N11G._T._Z.EUR.LR.N,quarterly,BP
RTD.Q.S0.S.G_GFCF_TO_D.X,Q,G_GFCF_TO_D,X,S,"Gross fixed capital formation, deflator",Euro area (moving concept in the Real Time database context) - Gross fixed capital formation - Deflator - Index,IX,0,MNA.Q.Y.I10.W0.S1.S1.D.P51G.N11G._T._Z.IX.D.N,quarterly,P
RTD.Q.S0.S.G_GFCF_TO_U.E,Q,G_GFCF_TO_U,E,S,"Gross fixed capital formation, nominal",Euro area (moving concept in the Real Time database context) - Gross fixed capital formation - Current prices - Euro,EUR,6,MNA.Q.Y.I10.W0.S1.S1.D.P51G.N11G._T._Z.EUR.V.N,quarterly,BI
RTD.Q.S0.S.G_GVAD_AHFF_O.E,Q,G_GVAD_AHFF_O,E,S,"Value added, gross, volume","Euro area (moving concept in the Real Time database context) - Gross value added at basic prices - agricultural, hunting, forestry and fishing products - Constant prices - Euro",EUR,6,MNA.Q.Y.I10.W2.S1.S1.B.B1G._Z.A._Z.EUR.LR.N,quarterly,CD
RTD.Q.S0.S.G_GVAD_AHFF_U.E,Q,G_GVAD_AHFF_U,E,S,"Value added, gross, nominal","Euro area (moving concept in the Real Time database context) - Gross value added at basic prices - agricultural, hunting, forestry and fishing products - Current prices - Euro",EUR,6,MNA.Q.Y.I10.W2.S1.S1.B.B1G._Z.A._Z.EUR.V.N,quarterly,BU
RTD.Q.S0.S.G_GVAD_ARTOSER_O.E,Q,G_GVAD_ARTOSER_O,E,S,"Value added, gross, volume","Euro area (moving concept in the Real Time database context) - Gross value added at basic prices - Arts, entertainment and recreation, repair of household goods and other services (NACE Rev2) - Constant prices - Euro",EUR,6,MNA.Q.Y.I10.W2.S1.S1.B.B1G._Z.RTU._Z.EUR.LR.N,quarterly,CX
RTD.Q.S0.S.G_GVAD_ARTOSER_U.E,Q,G_GVAD_ARTOSER_U,E,S,"Value added, gross, nominal","Euro area (moving concept in the Real Time database context) - Gross value added at basic prices - Arts, entertainment and recreation, repair of household goods and other services (NACE Rev2) - Current prices - Euro",EUR,6,MNA.Q.Y.I10.W2.S1.S1.B.B1G._Z.RTU._Z.EUR.V.N,quarterly,CR
RTD.Q.S0.S.G_GVAD_CONST_O.E,Q,G_GVAD_CONST_O,E,S,"Value added, gross, volume",Euro area (moving concept in the Real Time database context) - Gross value added at basic prices - construction - Constant prices - Euro,EUR,6,MNA.Q.Y.I10.W2.S1.S1.B.B1G._Z.F._Z.EUR.LR.N,quarterly,CF
RTD.Q.S0.S.G_GVAD_CONST_U.E,Q,G_GVAD_CONST_U,E,S,"Value added, gross, nominal",Euro area (moving concept in the Real Time database context) - Gross value added at basic prices - construction - Current prices - Euro,EUR,6,MNA.Q.Y.I10.W2.S1.S1.B.B1G._Z.F._Z.EUR.V.N,quarterly,BW
RTD.Q.S0.S.G_GVAD_DEFEDU_O.E,Q,G_GVAD_DEFEDU_O,E,S,"Value added, gross, volume",Euro area (moving concept in the Real Time database context) - Gross value added at basic prices - Public administration and defence; compulsory social security; education; human health and social work activities (NACE Rev2) - Constant prices - Euro,EUR,6,MNA.Q.Y.I10.W2.S1.S1.B.B1G._Z.OTQ._Z.EUR.LR.N,quarterly,CW
RTD.Q.S0.S.G_GVAD_DEFEDU_U.E,Q,G_GVAD_DEFEDU_U,E,S,"Value added, gross, nominal",Euro area (moving concept in the Real Time database context) - Gross value added at basic prices - Public administration and defence; compulsory social security; education; human health and social work activities (NACE Rev2) - Current prices - Euro,EUR,6,MNA.Q.Y.I10.W2.S1.S1.B.B1G._Z.OTQ._Z.EUR.V.N,quarterly,CQ
RTD.Q.S0.S.G_GVAD_FININS_O.E,Q,G_GVAD_FININS_O,E,S,"Value added, gross, volume",Euro area (moving concept in the Real Time database context) - Gross value added at basic prices - Financial and insurance activities (NACE Rev2) - Constant prices - Euro,EUR,6,MNA.Q.Y.I10.W2.S1.S1.B.B1G._Z.K._Z.EUR.LR.N,quarterly,CT
RTD.Q.S0.S.G_GVAD_FININS_U.E,Q,G_GVAD_FININS_U,E,S,"Value added, gross, nominal",Euro area (moving concept in the Real Time database context) - Gross value added at basic prices - Financial and insurance activities (NACE Rev2) - Current prices - Euro,EUR,6,MNA.Q.Y.I10.W2.S1.S1.B.B1G._Z.K._Z.EUR.V.N,quarterly,CN
RTD.Q.S0.S.G_GVAD_INDTO_O.E,Q,G_GVAD_INDTO_O,E,S,"Value added, gross, volume",Euro area (moving concept in the Real Time database context) - Gross value added at basic prices - total industry - Constant prices - Euro,EUR,6,MNA.Q.Y.I10.W2.S1.S1.B.B1G._Z.BTE._Z.EUR.LR.N,quarterly,CE
RTD.Q.S0.S.G_GVAD_INDTO_U.E,Q,G_GVAD_INDTO_U,E,S,"Value added, gross, nominal",Euro area (moving concept in the Real Time database context) - Gross value added at basic prices - total industry - Current prices - Euro,EUR,6,MNA.Q.Y.I10.W2.S1.S1.B.B1G._Z.BTE._Z.EUR.V.N,quarterly,BV
RTD.Q.S0.S.G_GVAD_INFCOM_O.E,Q,G_GVAD_INFCOM_O,E,S,"Value added, gross, volume",Euro area (moving concept in the Real Time database context) - Gross value added at basic prices - Information and communication (NACE Rev2) - Constant prices - Euro,EUR,6,MNA.Q.Y.I10.W2.S1.S1.B.B1G._Z.J._Z.EUR.LR.N,,
RTD.Q.S0.S.G_GVAD_INFCOM_U.E,Q,G_GVAD_INFCOM_U,E,S,"Value added, gross, nominal",Euro area (moving concept in the Real Time database context) - Gross value added at basic prices - Information and communication (NACE Rev2) - Current prices - Euro,EUR,6,MNA.Q.Y.I10.W2.S1.S1.B.B1G._Z.J._Z.EUR.V.N,quarterly,CM
RTD.Q.S0.S.G_GVAD_REST_O.E,Q,G_GVAD_REST_O,E,S,"Value added, gross, volume",Euro area (moving concept in the Real Time database context) - Gross value added at basic prices - Real estate activities (NACE Rev2) - Constant prices - Euro,EUR,6,MNA.Q.Y.I10.W2.S1.S1.B.B1G._Z.L._Z.EUR.LR.N,quarterly,CU
RTD.Q.S0.S.G_GVAD_REST_U.E,Q,G_GVAD_REST_U,E,S,"Value added, gross, nominal",Euro area (moving concept in the Real Time database context) - Gross value added at basic prices - Real estate activities (NACE Rev2) - Current prices - Euro,EUR,6,MNA.Q.Y.I10.W2.S1.S1.B.B1G._Z.L._Z.EUR.V.N,quarterly,CO
RTD.Q.S0.S.G_GVAD_SCADM_O.E,Q,G_GVAD_SCADM_O,E,S,"Value added, gross, volume","Euro area (moving concept in the Real Time database context) - Gross value added at basic prices - Professional, scientific and technical activities; administrative and support service activities (NACE Rev2) - Constant prices - Euro",EUR,6,MNA.Q.Y.I10.W2.S1.S1.B.B1G._Z.M_N._Z.EUR.LR.N,quarterly,CV
RTD.Q.S0.S.G_GVAD_SCADM_U.E,Q,G_GVAD_SCADM_U,E,S,"Value added, gross, nominal","Euro area (moving concept in the Real Time database context) - Gross value added at basic prices - Professional, scientific and technical activities; administrative and support service activities (NACE Rev2) - Current prices - Euro",EUR,6,MNA.Q.Y.I10.W2.S1.S1.B.B1G._Z.M_N._Z.EUR.V.N,quarterly,CP
RTD.Q.S0.S.G_GVAD_TO_O.E,Q,G_GVAD_TO_O,E,S,"Value added, gross, volume",Euro area (moving concept in the Real Time database context) - Gross value added at basic prices - Constant prices - Euro,EUR,6,MNA.Q.Y.I10.W2.S1.S1.B.B1G._Z._T._Z.EUR.LR.N,quarterly,CC
RTD.Q.S0.S.G_GVAD_TO_U.E,Q,G_GVAD_TO_U,E,S,"Value added, gross, nominal",Euro area (moving concept in the Real Time database context) - Gross value added at basic prices - Current prices - Euro,EUR,6,MNA.Q.Y.I10.W2.S1.S1.B.B1G._Z._T._Z.EUR.V.N,quarterly,BT
RTD.Q.S0.S.G_GVAD_WSHRTC_O.E,Q,G_GVAD_WSHRTC_O,E,S,"Value added, gross, volume","Euro area (moving concept in the Real Time database context) - Gross value added at basic prices - trade, repairs, hotels, restaurants, transport and communications - Constant prices - Euro",EUR,6,MNA.Q.Y.I10.W2.S1.S1.B.B1G._Z.GTI._Z.EUR.LR.N,quarterly,CG
RTD.Q.S0.S.G_GVAD_WSHRTC_U.E,Q,G_GVAD_WSHRTC_U,E,S,"Value added, gross, nominal","Euro area (moving concept in the Real Time database context) - Gross value added at basic prices - trade, repairs, hotels, restaurants, transport and communications - Current prices - Euro",EUR,6,MNA.Q.Y.I10.W2.S1.S1.B.B1G._Z.GTI._Z.EUR.V.N,quarterly,BX
RTD.Q.S0.S.G_MGS_TO_C.E,Q,G_MGS_TO_C,E,S,"Imports of goods and services, volume",Euro area (moving concept in the Real Time database context) - Imports of goods and services - Chain linked volumes - Euro,EUR,6,MNA.Q.Y.I10.W1.S1.S1.C.P7._Z._Z._Z.EUR.LR.N,quarterly,BS
RTD.Q.S0.S.G_MGS_TO_D.X,Q,G_MGS_TO_D,X,S,"Imports of goods and services, deflator",Euro area (moving concept in the Real Time database context) - Imports of goods and services - Deflator - Index,IX,0,MNA.Q.Y.I10.W1.S1.S1.C.P7._Z._Z._Z.IX.D.N,quarterly,R
RTD.Q.S0.S.G_MGS_TO_U.E,Q,G_MGS_TO_U,E,S,"Imports of goods and services, nominal",Euro area (moving concept in the Real Time database context) - Imports of goods and services - Current prices - Euro,EUR,6,MNA.Q.Y.I10.W1.S1.S1.C.P7._Z._Z._Z.EUR.V.N,quarterly,BL
RTD.Q.S0.S.G_TLSP_TO_O.E,Q,G_TLSP_TO_O,E,S,"Taxes less subsidies on products, volume",Euro area (moving concept in the Real Time database context) - Taxes less subsidies on products - Constant prices - Euro,EUR,6,MNA.Q.Y.I10.W2.S1.S1.C.D21X31._Z._Z._Z.EUR.LR.N,quarterly,CK
RTD.Q.S0.S.G_TLSP_TO_U.E,Q,G_TLSP_TO_U,E,S,Gross domestic product at market prices,Euro area (moving concept in the Real Time database context) - Taxes less subsidies on products - Current prices - Euro,EUR,6,MNA.Q.Y.I9.W2.S1.S1.B.B1GQ._Z._Z._Z.EUR.V.N,quarterly,CB
RTD.Q.S0.S.G_XGS_TO_C.E,Q,G_XGS_TO_C,E,S,"Exports of goods and services, volume",Euro area (moving concept in the Real Time database context) - Exports of goods and services - Chain linked volumes - Euro,EUR,6,MNA.Q.Y.I10.W1.S1.S1.D.P6._Z._Z._Z.EUR.LR.N,quarterly,BR
RTD.Q.S0.S.G_XGS_TO_D.X,Q,G_XGS_TO_D,X,S,"Exports of goods and services, deflator",Euro area (moving concept in the Real Time database context) - Exports of goods and services - Deflator - Index,IX,0,MNA.Q.Y.I10.W1.S1.S1.D.P6._Z._Z._Z.IX.D.N,quarterly,Q
RTD.Q.S0.S.G_XGS_TO_U.E,Q,G_XGS_TO_U,E,S,"Exports of goods and services, nominal",Euro area (moving concept in the Real Time database context) - Exports of goods and services - Current prices - Euro,EUR,6,MNA.Q.Y.I10.W1.S1.S1.D.P6._Z._Z._Z.EUR.V.N,quarterly,BK
RTD.Q.S0.S.L_TEMP_TO.M,Q,L_TEMP_TO,M,S,Total employment (in thousands of persons),Euro area (moving concept in the Real Time database context) - Total employment - total domestic - Persons,PS,3,MNA.Q.Y.I10.W2.S1.S1._Z.EMP._Z._T._Z.PS._Z.N,quarterly,B
RTD.Q.S0.S.L_ULC_AHFF.X,Q,L_ULC_AHFF,X,S,"Unit Labour Cost (based on persons), deflator","Euro area (moving concept in the Real Time database context) - Unit Labour Cost - Agriculture, hunting, forestry, and fishing - Index",IX,0,MNA.Q.Y.I10.W2.S1.S1._Z.ULC_PS._Z.A._Z.IX.D.N,quarterly,T
RTD.Q.S0.S.L_ULC_CONST.X,Q,L_ULC_CONST,X,S,"Unit Labour Cost (based on persons), deflator",Euro area (moving concept in the Real Time database context) - Unit Labour Cost - Construction - Index,IX,0,MNA.Q.Y.I10.W2.S1.S1._Z.ULC_PS._Z.F._Z.IX.D.N,quarterly,V
RTD.Q.S0.S.L_ULC_INDTO.X,Q,L_ULC_INDTO,X,S,"Unit Labour Cost (based on persons), deflator","Euro area (moving concept in the Real Time database context) - Unit Labour Cost - Industry, including energy - Index",IX,0,MNA.Q.Y.I10.W2.S1.S1._Z.ULC_PS._Z.BTE._Z.IX.D.N,quarterly,U
RTD.Q.S0.S.L_ULC_TO.X,Q,L_ULC_TO,X,S,"Unit Labour Cost (based on persons), deflator",Euro area (moving concept in the Real Time database context) - Unit Labour Cost - Total - Index,IX,0,MNA.Q.Y.I10.W2.S1.S1._Z.ULC_PS._Z._T._Z.IX.D.N,quarterly,S
RTD.Q.S0.S.L_ULC_WSHRTC.X,Q,L_ULC_WSHRTC,X,S,"Unit Labour Cost (based on persons), deflator","Euro area (moving concept in the Real Time database context) - Unit Labour Cost - Trade, repairs, hotels, restaurants, transport and communications - Index",IX,0,MNA.Q.Y.I10.W2.S1.S1._Z.ULC_PS._Z.GTI._Z.IX.D.N,quarterly,W
RTD.Q.S0.S.Y_ISLCU.F,Q,Y_ISLCU,F,S,Euro area capacity utilisation in manufacturing (%),Euro area (moving concept in the Real Time database context) - Industry Survey - Current level of capacity utilization - Percentage,UNITS,0,ECS.Q.I10.S.4D1.MAN013.TT,quarterly,CL
RTD.Q.S0.W.L_HC_WXAFG.X,Q,L_HC_WXAFG,X,W,Labour cost index - labour costs other than wages and salaries,"Euro area (moving concept in the Real Time database context) - Hourly Labour cost index - costs other than wages and salaries, Whole economy excluding agriculture, fishing and government sectors - Index",IX,0,LCI.Q.I10.W.LCI_O.BTS,quarterly,AC
RTD.Q.S0.W.L_HW_WXAFG.X,Q,L_HW_WXAFG,X,W,Labour cost index - wages and salaries,"Euro area (moving concept in the Real Time database context) - Hourly Labour cost index - wages and salaries, Whole economy excluding agriculture, fishing and government sectors - Index",IX,0,LCI.Q.I10.W.LCI_WAG.BTS,quarterly,AB
RTD.Q.S0.W.L_H_CONST.X,Q,L_H_CONST,X,W,Labour cost index,"Euro area (moving concept in the Real Time database context) - Hourly Labour cost index - total, Construction - Index",IX,0,LCI.Q.I9.W.LCI_T.F,quarterly,AE
RTD.Q.S0.W.L_H_SERV.X,Q,L_H_SERV,X,W,Labour cost index,"Euro area (moving concept in the Real Time database context) - Hourly Labour cost index - total, Services - sectors G to K - Index",IX,0,LCI.Q.I9.W.LCI_T.GTN,quarterly,AF
RTD.Q.S0.W.L_H_WXAFG.X,Q,L_H_WXAFG,X,W,Labour cost index - total labour costs,"Euro area (moving concept in the Real Time database context) - Hourly Labour cost index - total, Whole economy excluding agriculture, fishing and government sectors - Index",IX,0,LCI.Q.I10.W.LCI_T.BTS,quarterly,AA
RTD.Q.S0.W.L_H_XCONS.X,Q,L_H_XCONS,X,W,Labour cost index,"Euro area (moving concept in the Real Time database context) - Hourly Labour cost index - total, Total Industry (excluding construction) - Index",IX,0,LCI.Q.I9.W.LCI_T.BTE,quarterly,AD
RTD.Q.S0.Y.L_H_WXAFG.X,Q,L_H_WXAFG,X,Y,Labour cost index,"Euro area (moving concept in the Real Time database context) - Hourly Labour cost index - total, Whole economy excluding agriculture, fishing and government sectors - Index",IX,0,LCI.Q.I9.W.LCI_T.BTS,quarterly,Z
RTD.Q.S0.Y.L_ULC_ARTOSER.X,Q,L_ULC_ARTOSER,X,Y,"Unit Labour Cost (based on persons), deflator","Euro area (moving concept in the Real Time database context) - Unit Labour Cost - Arts, entertainment and recreation, repair of household goods and other services (NACE Rev2) - Index",IX,0,MNA.Q.Y.I10.W2.S1.S1._Z.ULC_PS._Z.RTU._Z.IX.D.N,quarterly,DJ
RTD.Q.S0.Y.L_ULC_DEFEDU.X,Q,L_ULC_DEFEDU,X,Y,"Unit Labour Cost (based on persons), deflator",Euro area (moving concept in the Real Time database context) - Unit Labour Cost - Public administration and defence; compulsory social security; education; human health and social work activities (NACE Rev2) - Index,IX,0,MNA.Q.Y.I10.W2.S1.S1._Z.ULC_PS._Z.OTQ._Z.IX.D.N,quarterly,DI
RTD.Q.S0.Y.L_ULC_FININS.X,Q,L_ULC_FININS,X,Y,"Unit Labour Cost (based on persons), deflator",Euro area (moving concept in the Real Time database context) - Unit Labour Cost - Financial and insurance activities (NACE Rev2) - Index,IX,0,MNA.Q.Y.I10.W2.S1.S1._Z.ULC_PS._Z.K._Z.IX.D.N,quarterly,DF
RTD.Q.S0.Y.L_ULC_INFCOM.X,Q,L_ULC_INFCOM,X,Y,"Unit Labour Cost (based on persons), deflator",Euro area (moving concept in the Real Time database context) - Unit Labour Cost - Information and communication (NACE Rev2) - Index,IX,0,MNA.Q.Y.I10.W2.S1.S1._Z.ULC_PS._Z.J._Z.IX.D.N,quarterly,DE
RTD.Q.S0.Y.L_ULC_REST.X,Q,L_ULC_REST,X,Y,"Unit Labour Cost (based on persons), deflator",Euro area (moving concept in the Real Time database context) - Unit Labour Cost - Real estate activities (NACE Rev2) - Index,IX,0,MNA.Q.Y.I10.W2.S1.S1._Z.ULC_PS._Z.L._Z.IX.D.N,quarterly,DG
RTD.Q.S0.Y.L_ULC_SCADM.X,Q,L_ULC_SCADM,X,Y,"Unit Labour Cost (based on persons), deflator","Euro area (moving concept in the Real Time database context) - Unit Labour Cost - Professional, scientific and technical activities; administrative and support service activities (NACE Rev2) - Index",IX,0,MNA.Q.Y.I10.W2.S1.S1._Z.ULC_PS._Z.M_N._Z.IX.D.N,quarterly,DH
RTD.Q.US.Y.G_GDPM_TO_C.U,Q,G_GDPM_TO_C,U,Y,"GDP, AT MARKET PRICES - CHAINED 2017 USD SAAR",United States - Gross domestic product at market price - Chain linked volumes - US dollar,USD,9,BISM.Q.RHGB.US.01,quarterly,AI
RTD.Q.US.Y.L_ULC_MANUF.X,Q,L_ULC_MANUF,X,Y,"UNIT LABOUR COSTS IN MANUFACTURING, SA",United States - Unit Labour Cost - Manufacturing - Index,IX,0,BISM.Q.VPNB.US.01,quarterly,AH
